Name,Url,"Fork source","Creation date","Last update","Last version",Omeka.org,"Omeka constraint",Author,"Author link",License,Description,Tags,Link,"Support link","Ini path","Last released zip",Dependencies
"Access Resource",https://github.com/Daniel-KM/Omeka-S-module-AccessResource,,2020-01-20T18:58:41Z,2021-01-04T23:15:40Z,3.3.0.5,,^3.0.0,"Daniel Berthereau",https://gitlab.com/Daniel-KM,CECILL-2.1,"Allow a visitor or a guest to access to selected private resources.","access, protection, copyright",https://gitlab.com/Daniel-KM/Omeka-S-module-AccessResource,https://gitlab.com/Daniel-KM/Omeka-S-module-AccessResource/-/issues,,https://github.com/Daniel-KM/Omeka-S-module-AccessResource/releases/download/3.3.0.5/AccessResource-3.3.0.5.zip,Guest
"Advanced Resource Template",https://gitlab.com/Daniel-KM/Omeka-S-module-AdvancedResourceTemplate,,,,3.3.4.6,,^3.0.0,"Daniel Berthereau",https://gitlab.com/Daniel-KM,CECILL-2.1,"Add new features to  the resource templates to simplify and to improve the edition of resources: closed template, auto-completion, select language, lock, auto-filling, etc.","admin, resource edition, curation",https://gitlab.com/Daniel-KM/Omeka-S-module-AdvancedResourceTemplate,https://gitlab.com/Daniel-KM/Omeka-S-module-AdvancedResourceTemplate/-/issues,,,
"Advanced Search Plus",https://github.com/Daniel-KM/Omeka-S-module-AdvancedSearchPlus,,2018-05-21T06:31:55Z,2021-01-19T11:36:56Z,3.3.5.4,,^3.0.0,"Daniel Berthereau",https://gitlab.com/Daniel-KM,"CeCILL v2.1","Add some fields to the advanced search form (before/after creation date, has media, media type, etc.).","search, admin, curation",https://gitlab.com/Daniel-KM/Omeka-S-module-AdvancedSearchPlus,https://gitlab.com/Daniel-KM/Omeka-S-module-AdvancedSearchPlus/-/issues,,https://github.com/Daniel-KM/Omeka-S-module-AdvancedSearchPlus/releases/download/3.3.5.3/AdvancedSearchPlus-3.3.5.3.zip,
"Agile Tools",https://github.com/agile-humanities/agile-theme-tools-omeka,,2020-05-27T18:44:43Z,2020-06-23T15:22:57Z,1.0.1,,^2.0.0,"Agile Humanities Agency",https://www.agilehumanities.ca,"CeCILL v2.1","Adds blocks and tools for Omeka theming, including page regions, card layouts, and an implmentation of Slick Carousel.",blocks,https://www.agilehumanities.ca/link-to-come,https://www.agilehumanities.ca/link-to-come,,,
"Alt Text",https://github.com/zerocrates/AltText,,2018-10-18T00:07:17Z,2020-10-08T14:22:59Z,1.2.0,,^3.0.0,"John Flatness",https://github.com/zerocrates,,"Customize alt text for media",,https://github.com/zerocrates/AltText,https://github.com/zerocrates/AltText/issues,,https://github.com/zerocrates/AltText/releases/download/v1.2.0/AltText-1.2.0.zip,
"Amazon S3 Storage",https://github.com/HBLL-Collection-Development/omeka-s-amazon-s3-storage,,2019-01-20T18:07:09Z,2019-01-20T18:33:35Z,1.0.0,,,"Jared Howland",https://www.jaredhowland.com,MIT,"Omeka S Storage module for Amazon S3 based on the official AWS SDK.",,https://github.com/HBLL-Collection-Development/omeka-s-amazon-s3-storage,,,https://github.com/HBLL-Collection-Development/omeka-s-amazon-s3-storage/releases/download/v1.0.0/AmazonS3Storage.zip,
"Amazon S3",https://github.com/Daniel-KM/Omeka-S-module-AmazonS3,,2019-01-21T11:07:45Z,2021-01-04T23:15:41Z,3.3.3.3,,^3.0.0,"Daniel Berthereau",https://gitlab.com/Daniel-KM,"CeCILL v2.1","Files store that integrates with Amazon S3.","amazon s3, storage, file system",https://gitlab.com/Daniel-KM/Omeka-S-module-AmazonS3,https://gitlab.com/Daniel-KM/Omeka-S-module-AmazonS3/-/issues,,https://github.com/Daniel-KM/Omeka-S-module-AmazonS3/releases/download/3.3.3.3/AmazonS3-3.3.3.3.zip,
"Analytics Snippet",https://github.com/Daniel-KM/Omeka-S-module-AnalyticsSnippet,,2017-11-13T14:19:42Z,2021-01-04T23:15:41Z,3.3.3,,^3.0.0,"Daniel Berthereau",https://gitlab.com/Daniel-KM,"CeCILL v2.1","Add a snippet, generally a javascript tracker, at the end of the public or admin pages, and allows to track json and xml requests.","seo, tracking, analytics, statistics",https://gitlab.com/Daniel-KM/Omeka-S-module-AnalyticsSnippet,https://gitlab.com/Daniel-KM/Omeka-S-module-AnalyticsSnippet/-/issues,,https://github.com/Daniel-KM/Omeka-S-module-AnalyticsSnippet/releases/download/3.3.3/AnalyticsSnippet-3.3.3.zip,
"Analytics Snippet Matomo (Piwik)",https://github.com/Daniel-KM/Omeka-S-module-AnalyticsSnippetPiwik,,2017-11-13T14:40:01Z,2021-01-04T23:15:42Z,3.3.3,,^3.0.0,"Daniel Berthereau",https://gitlab.com/Daniel-KM,"CeCILL v2.1","Submodule for Analytics Snippet to track json (in particular Omeka S API) and xml (like with OAI-PMH Repository) calls with Matomo (Piwik).","seo, tracking, analytics, statistics",https://gitlab.com/Daniel-KM/Omeka-S-module-AnalyticsSnippetPiwik,https://gitlab.com/Daniel-KM/Omeka-S-module-AnalyticsSnippetPiwik/-/issues,,https://github.com/Daniel-KM/Omeka-S-module-AnalyticsSnippetPiwik/releases/download/3.3.3/AnalyticsSnippetPiwik-3.3.3.zip,
Annotate,https://github.com/Daniel-KM/Omeka-S-module-Annotate,,2018-05-08T16:20:14Z,2021-01-04T23:16:00Z,3.3.3.6-beta,,^3.0.0,"Daniel Berthereau for EHESS",https://gitlab.com/Daniel-KM,CECILL-2.1,"Implement the W3C Web Annotation Ontology to let users annotate, tag, comment, rate, highlight, draw, etc. any resource in a normalized way.","annotation, tag, comment, rating, w3c recommendation, linked data",https://gitlab.com/Daniel-KM/Omeka-S-module-Annotate,https://gitlab.com/Daniel-KM/Omeka-S-module-Annotate/-/issues,,https://github.com/Daniel-KM/Omeka-S-module-Annotate/releases/download/3.3.3.6-beta/Annotate-3.3.3.6-beta.zip,CustomVocab
"Annotate images and maps (Cartography)",https://github.com/Daniel-KM/Omeka-S-module-Cartography,,2018-09-13T14:47:25Z,2020-12-11T00:14:09Z,3.1.3.2,,"^1.2.0 || ^2.0.0","Daniel Berthereau for EHESS",https://github.com/Daniel-KM,CeCILL-2.1,"Allows to annotate images and to locate data on standard wms maps with the w3c web annotation data model and vocabulary.","annotation, cartography, crowd, mapping",https://github.com/Daniel-KM/Omeka-S-module-Cartography,https://github.com/Daniel-KM/Omeka-S-module-Cartography/issues,,https://github.com/Daniel-KM/Omeka-S-module-Cartography/releases/download/3.1.3.2/Cartography-3.1.3.2.zip,"Annotate, DataTypeGeometry"
"Any Cloud",https://github.com/HBLL-Collection-Development/omeka-s-any-cloud,,2019-01-28T05:32:17Z,2021-01-05T20:23:21Z,2.0.0,,^3.0.0,"Jared Howland",https://www.jaredhowland.com,MIT,"Omeka S module for storing items in the cloud storage of your choice.","amazon s3 aws, wasabi, azure, digital ocean, dropbox, google, rackspace, scaleway, storage, file system",https://github.com/HBLL-Collection-Development/omeka-s-any-cloud,https://github.com/HBLL-Collection-Development/omeka-s-any-cloud/issues,,https://github.com/HBLL-Collection-Development/omeka-s-any-cloud/releases/download/v2.0.0/AnyCloudv2.0.0.zip,
"Api Info",https://github.com/Daniel-KM/Omeka-S-module-ApiInfo,,2019-03-04T05:30:12Z,2021-01-04T23:15:49Z,3.3.9.4,,^3.0.0,"Daniel Berthereau",https://gitlab.com/Daniel-KM,CECILL-2.1,"Gives access to some infos about Omeka sites and resources, that are not available in the default api, mainly for external apps.","api, back-end",https://gitlab.com/Daniel-KM/omeka-s-module-ApiInfo,https://gitlab.com/Daniel-KM/omeka-s-module-ApiInfo/-/issues,,https://github.com/Daniel-KM/Omeka-S-module-ApiInfo/releases/download/3.3.9.4/ApiInfo-3.3.9.4.zip,
"Archive Folder",https://github.com/biblibre/omeka-s-module-ArchiveFolder,,2016-03-24T16:04:23Z,2016-03-29T17:05:54Z,2.4,,,"Daniel Berthereau",,,"Automatically import a local or remote folder into Omeka as collections, items, files, and metadata.",,https://github.com/Daniel-KM/ArchiveFolder,,,,
"Archive Repertory",https://github.com/Daniel-KM/Omeka-S-module-ArchiveRepertory,,2017-03-28T11:16:01Z,2020-11-23T09:08:11Z,3.15.11.3,,^3.0.0,"Daniel Berthereau (based on BibLibre port)",https://gitlab.com/Daniel-KM,"CeCILL v2.1","Keeps original names of imported files and put them in a hierarchical structure (collection / item / files) in order to get readable urls for files and to avoid an overloading of the file server.","hierarchical archive, file, path, import",https://gitlab.com/Daniel-KM/Omeka-S-module-ArchiveRepertory,https://gitlab.com/Daniel-KM/Omeka-S-module-ArchiveRepertory/-/issues,,https://github.com/Daniel-KM/Omeka-S-module-ArchiveRepertory/releases/download/3.15.11.3/ArchiveRepertory-3.15.11.3.zip,
Ark,https://github.com/biblibre/omeka-s-module-Ark,https://github.com/Daniel-KM/Omeka-S-module-Ark,2020-09-15T11:23:41Z,2020-09-16T12:14:23Z,3.5.8.1,,"^1.3.0 || ^2.0.0","Daniel Berthereau, based on Omeka S port by BibLibre",https://github.com/Daniel-KM,"CeCILL v2.1","Create short, unique, meaningless, universal and persistent identifiers (ark and/or noid) and use them as urls for records.","url, route, identifier, ark, noid",https://github.com/Daniel-KM/Omeka-S-module-Ark,https://github.com/Daniel-KM/Omeka-S-module-Ark/issues,,,
Ark,https://github.com/Daniel-KM/Omeka-S-module-Ark,,2018-03-20T11:24:02Z,2020-12-07T14:01:35Z,3.5.8.3,,^3.0.0,"Daniel Berthereau, based on Omeka S port by BibLibre",https://gitlab.com/Daniel-KM,"CeCILL v2.1","Create short, unique, meaningless, universal and persistent identifiers (ark and/or noid) and use them as urls for records.","url, route, identifier, ark, noid",https://gitlab.com/Daniel-KM/Omeka-S-module-Ark,https://gitlab.com/Daniel-KM/Omeka-S-module-Ark/-/issues,,https://github.com/Daniel-KM/Omeka-S-module-Ark/releases/download/3.5.8.1/Ark-3.5.8.1.zip,
"Banner Image",https://github.com/scholarslab/BannerImage,,2019-11-07T21:43:19Z,2019-11-07T23:50:07Z,1.0,,^1.1.0,"UVA Library Scholars' Lab",https://github.com/scholarslab,MIT,"Display banner image into pages",,,,,,
Base,https://github.com/pols12/omeka-s-module-Base,,2018-07-18T10:56:42Z,2018-07-18T11:00:22Z,0.1.0,,,Pols12,http://github.com/pols12,,"Base of a module to execute a script.",,,,,,
"Basket (archived)",https://github.com/Daniel-KM/omeka-s-module-Basket,https://github.com/biblibre/omeka-s-module-Basket,2017-12-13T17:34:31Z,2020-06-15T16:01:49Z,3.2.4,,"^1.2.0 || ^2.0.0","Daniel Berthereau (forked from module Basket of BibLibre)",https://github.com/Daniel-KM,"CeCILL v2.1","Allow a visitor or a user to add items and media in a basket and to keep them through sessions.","user board, basket",https://github.com/Daniel-KM/Omeka-S-module-Basket,https://github.com/Daniel-KM/Omeka-S-module-Basket/issues,,https://github.com/Daniel-KM/Omeka-S-module-Basket/releases/download/3.2.4/Basket-3.2.4.zip,
Basket,https://github.com/biblibre/omeka-s-module-Basket,,2016-09-20T14:39:48Z,2020-06-15T15:36:51Z,0.2.0,,,,,,"Allow user to add basket",,https://github.com/biblibre/Basket,,,,
Bibliography,https://github.com/Daniel-KM/Omeka-S-module-Bibliography,,2019-06-03T11:01:16Z,2021-01-18T18:20:41Z,3.3.1.5.2,,^3.0.0,"Daniel Berthereau for Collegium Musicæ of Sorbonne Université",https://gitlab.com/Daniel-KM,CeCILL-2.1,"Manage a bibliography with standard citations, reference lists, suggested values, and collected records from doi, isbn and other identifiers.","citation, csl, bibliography, doi, isbn, lccn, oclc, olid, fabio",https://gitlab.com/Daniel-KM/Omeka-S-module-Bibliography,https://gitlab.com/Daniel-KM/Omeka-S-module-Bibliography/-/issues,,https://github.com/Daniel-KM/Omeka-S-module-Bibliography/releases/download/3.3.1.5.2/Bibliography-3.3.1.5.2.zip,
"Block Layout Skeleton",https://github.com/biblibre/omeka-s-module-BlockLayoutSkeleton,,2020-11-16T12:57:31Z,2020-11-16T12:58:01Z,0.1.0,,^2.0.0,BibLibre,https://www.biblibre.com/,,"Skeleton to help implementing new block layouts",,https://github.com/biblibre/omeka-s-module-BlockLayoutSkeleton,,,,
"Block Plus",https://github.com/Daniel-KM/Omeka-S-module-BlockPlus,,2019-07-23T09:09:26Z,2021-01-20T07:11:07Z,3.3.11.4,,^3.0.0,"Daniel Berthereau",https://gitlab.com/Daniel-KM,CeCILL-2.1,"Add some new blocks for the static pages and improve some of the existing ones.","block, page, theme",https://gitlab.com/Daniel-KM/Omeka-S-module-BlockPlus,https://gitlab.com/Daniel-KM/Omeka-S-module-BlockPlus/-/issues,,https://github.com/Daniel-KM/Omeka-S-module-BlockPlus/releases/download/3.3.11.4/BlockPlus-3.3.11.4.zip,
"Blocks Disposition",https://github.com/Daniel-KM/Omeka-S-module-BlocksDisposition,,2019-07-30T07:38:30Z,2021-01-04T23:15:45Z,3.3.2.2,,^3.0.0,"Daniel Berthereau",https://gitlab.com/Daniel-KM,CeCILL-2.1,"Manage automatic display of features of the modules in the resource pages.","theme, user interface",https://gitlab.com/Daniel-KM/Omeka-S-module-BlocksDisposition,https://gitlab.com/Daniel-KM/Omeka-S-module-BlocksDisposition/-/issues,,https://github.com/Daniel-KM/Omeka-S-module-BlocksDisposition/releases/download/3.3.2.2/BlocksDisposition-3.3.2.2.zip,
"Bulk Check",https://github.com/Daniel-KM/Omeka-S-module-BulkCheck,,2019-02-26T05:23:48Z,2021-01-04T23:15:47Z,3.3.9.7,,^3.0.0,"Daniel Berthereau",https://gitlab.com/Daniel-KM,CECILL-2.1,"Check and fix metadata of resources and files.","admin, check, curation",https://gitlab.com/Daniel-KM/Omeka-S-module-BulkCheck,https://gitlab.com/Daniel-KM/Omeka-S-module-BulkCheck/-/issues,,https://github.com/Daniel-KM/Omeka-S-module-BulkCheck/releases/download/3.3.9.7/BulkCheck-3.3.9.7.zip,Log
"Bulk Edit",https://github.com/Daniel-KM/Omeka-S-module-BulkEdit,,2019-07-01T09:09:36Z,2021-01-04T23:15:51Z,3.3.12.3,,^3.0.0,"Daniel Berthereau",https://gitlab.com/Daniel-KM,CECILL-2.1,"Add search and replace functionality allowing curators to update and clean metadata over many resources quickly and easily.","admin, curation",https://gitlab.com/Daniel-KM/Omeka-S-module-BulkEdit,https://gitlab.com/Daniel-KM/Omeka-S-module-BulkEdit/-/issues,,https://github.com/Daniel-KM/Omeka-S-module-BulkEdit/releases/download/3.3.12.3/BulkEdit-3.3.12.3.zip,Generic
"Bulk Export",https://github.com/Daniel-KM/Omeka-S-module-BulkExport,,2019-02-26T06:23:03Z,2021-01-04T23:15:50Z,3.3.12.13,,^3.0.0,"Daniel Berthereau",https://gitlab.com/Daniel-KM,CECILL-2.1,"Extensible bulk export and formatter module for admin and public sides.","admin, export",https://gitlab.com/Daniel-KM/Omeka-S-module-BulkExport,https://gitlab.com/Daniel-KM/Omeka-S-module-BulkExport/issues,,https://github.com/Daniel-KM/Omeka-S-module-BulkExport/releases/download/3.3.12.13/BulkExport-3.3.12.13.zip,Log
"Bulk Import Files",https://github.com/Daniel-KM/Omeka-S-module-BulkImportFiles,,2019-05-09T10:56:38Z,2020-06-22T06:13:12Z,3.0.6.2,,"^1.2.0 || ^2.0.0","Daniel Berthereau",https://github.com/Daniel-KM,CECILL-2.1,"Import files in bulk with their internal metadata (exif, iptc and xmp for images, audio and video, pdf, etc.).","administration, import, metadata, getid3",https://github.com/Daniel-KM/Omeka-S-module-BulkImportFiles,https://github.com/Daniel-KM/Omeka-S-module-BulkImportFiles/issues,,https://github.com/Daniel-KM/Omeka-S-module-BulkImportFiles/releases/download/3.0.6.2/BulkImportFiles-3.0.6.2.zip,BulkImport
"Bulk Import",https://github.com/Daniel-KM/Omeka-S-module-BulkImport,,2019-01-11T08:34:19Z,2021-01-04T23:15:50Z,3.3.21.6,,^3.0.0,"Daniel Berthereau",https://gitlab.com/Daniel-KM,CECILL-2.1,"Extensible bulk import module for spreadsheet and Omeka S endpoint.","admin, import",https://gitlab.com/Daniel-KM/Omeka-S-module-BulkImport,https://gitlab.com/Daniel-KM/Omeka-S-module-BulkImport/-/issues,,https://github.com/Daniel-KM/Omeka-S-module-BulkImport/releases/download/3.3.21.6/BulkImport-3.3.21.6.zip,Log
CartoAffect,https://github.com/samszo/Omeka-S-module-CartoAffect,,2020-05-16T04:45:32Z,2020-05-24T06:33:22Z,O.0.1,,"^1.2.0 || ^2.0.0","Samuel Szoniecky",https://github.com/samszo,"CeCILL v2.1","Cartographie des affects","cartographie, public interaction, affect",https://github.com/samszo/Omeka-S-module-CartoAffect,https://github.com/Daniel-KM/Omeka-S-module-CartoAffect/issues,,,
CAS,https://github.com/biblibre/omeka-s-module-CAS,,2020-04-20T06:43:52Z,2020-11-26T10:18:52Z,0.1.0,,^2.0.0,BibLibre,https://www.biblibre.com,,"Authenticate with CAS",,https://github.com/biblibre/omeka-s-module-CAS,,,,
"Clean Url",https://github.com/Daniel-KM/Omeka-S-module-CleanUrl,,2017-04-04T11:42:23Z,2021-01-11T07:21:01Z,3.16.5.3,,^3.0.0,"Daniel Berthereau",https://gitlab.com/Daniel-KM,CECILL-2.1,"Displays clean, seo and readable URLs like https://example.org/first_collection/dc:identifier, with or without site slug, for resources, sites and pages.","url, route, SEO, ark",https://gitlab.com/Daniel-KM/omeka-s-module-CleanUrl,https://gitlab.com/Daniel-KM/omeka-s-module-CleanUrl/-/issues,,https://github.com/Daniel-KM/Omeka-S-module-CleanUrl/releases/download/3.16.5.3/CleanUrl-3.16.5.3.zip,Generic
COinS,https://github.com/biblibre/omeka-s-module-Coins,,2016-03-15T15:20:50Z,2020-11-18T14:10:28Z,3.0.1,,^3.0.0,"Roy Rosenzweig Center for History and New Media (Omeka S port by BibLibre)",https://rrchnm.org,GPLv3,"Adds COinS metadata to item pages, making them Zotero readable.","metadata, zotero",https://github.com/biblibre/omeka-s-module-Coins,,,https://github.com/biblibre/omeka-s-module-Coins/releases/download/v3.0.1/Coins-3.0.1.zip,
Collecting,https://github.com/omeka-s-modules/Collecting,,2015-07-30T23:23:08Z,2020-12-18T11:48:52Z,1.6.0,,^3.0.0,"Omeka Team",https://omeka.org/,,"Add collecting forms to your sites.",,https://omeka.org/s/docs/user-manual/modules/collecting/,https://forum.omeka.org/c/omeka-s/modules,,https://github.com/omeka-s-modules/Collecting/releases/download/v1.6.0/Collecting-1.6.0.zip,
"Collecting Together",https://github.com/chnm/CollectingTogether-module,,2021-01-19T16:30:04Z,2021-01-19T17:05:44Z,0.1.0,,^3.0.0,"Roy Rosenzweig Center for History & New Media",http://rrchnm.org/,,"Enable functionality needed for Collecting Together",,,,,,
"Column Maker",https://github.com/Gutalala/OmekaS-Columns-Maker,,2019-04-22T22:18:54Z,2019-05-07T18:16:21Z,0.0.1,,^1.0.0,"Cu La",https://github.com/LucasWinters,,"Add some columns to the page without invoking the HTML module","columns, formatting, style",https://github.com/LucasWinters/OmekaS-Columns-Maker,,,,
Comment,https://github.com/Daniel-KM/Omeka-S-module-Comment,,2018-01-08T09:30:19Z,2021-01-04T23:25:19Z,3.3.1.12,,^3.0.0,"Daniel Berthereau (port and improvement from the RRCHNM Omeka Classic plugin)",https://gitlab.com/Daniel-KM,"CeCILL v2.1","Add public and/or private commenting on item sets, items and media and manage them.","comment, public interaction, crowdsourcing",https://gitlab.com/Daniel-KM/Omeka-S-module-Comment,https://gitlab.com/Daniel-KM/Omeka-S-module-Comment/-/issues,,https://github.com/Daniel-KM/Omeka-S-module-Comment/releases/download/3.3.1.12/Comment-3.3.1.12.zip,
"Connected Sites",https://github.com/coreytegeler/omeka-s-module-ConnectedSites,,2018-03-17T00:35:21Z,2020-09-04T22:51:46Z,1.0,,,"Corey Tegeler",http://coreytegeler.com,,,,http://coreytegeler.com,,,,
"Contact us and report",https://github.com/Daniel-KM/Omeka-S-module-ContactUs,,2019-02-06T15:17:35Z,2021-01-08T10:41:06Z,3.3.8.2,,^3.0.0,"Daniel Berthereau",https://gitlab.com/Daniel-KM,CeCILL-2.1,"Add a site page block with a ”Contact us” form, a link to report an issue on a resource and manage messages from admin.","block, contact, report",https://gitlab.com/Daniel-KM/Omeka-S-module-ContactUs,https://gitlab.com/Daniel-KM/Omeka-S-module-ContactUs/-/issues,,https://github.com/Daniel-KM/Omeka-S-module-ContactUs/releases/download/3.3.8.2/ContactUs-3.3.8.2.zip,
ContentReader,https://github.com/billxu0521/Omeka-S-module-ContentReader,,2020-07-24T09:00:52Z,2020-12-07T03:09:36Z,1.0.0,,^3.0.0,Billxu,https://github.com/billxu0521,MIT,"Reader tool for Chinese Classic Article.",,https://github.com/billxu0521/Omeka-S-module-ContentReader,,,https://github.com/billxu0521/Omeka-S-module-ContentReader/releases/download/1.0.0/ContentReader-1.0.0.zip,
Contribute,https://github.com/Daniel-KM/Omeka-S-module-Contribute,,2020-06-02T14:08:38Z,2020-10-02T20:44:29Z,3.0.13,,"^1.3.0 || ^2.0.0","Daniel Berthereau",https://github.com/Daniel-KM,CECILL-2.1,"Allow guest users or visitors identified by a token to edit and complete metadata of a resource in the public side.","public interaction, crowdsourcing, contribute, correction",https://github.com/Daniel-KM/Omeka-S-module-Contribute,https://github.com/Daniel-KM/Omeka-S-module-Contribute/issues,,https://github.com/Daniel-KM/Omeka-S-module-Contribute/releases/download/3.0.13/Contribute-3.0.13.zip,
"Correction (archived)",https://github.com/Daniel-KM/Omeka-S-module-Correction,,2019-04-03T18:21:45Z,2020-07-17T21:45:52Z,3.0.11,,"^1.3.0 || ^2.0.0","Daniel Berthereau",https://github.com/Daniel-KM,CECILL-2.1,"Allow guest users or visitors identified by a token to correct and complete metadata of a resource in the public side.","public interaction, crowdsourcing, correction",https://github.com/Daniel-KM/Omeka-S-module-Correction,https://github.com/Daniel-KM/Omeka-S-module-Correction/issues,,https://github.com/Daniel-KM/Omeka-S-module-Correction/releases/download/3.0.11/Correction-3.0.11.zip,
"Create Missing Thumbnails",https://github.com/biblibre/omeka-s-module-CreateMissingThumbnails,,2020-12-02T12:56:35Z,2020-12-06T09:02:04Z,0.1.0,,^2.0.0,BibLibre,https://www.biblibre.com/,,"Create missing thumbnails",,https://github.com/biblibre/omeka-s-module-CreateMissingThumbnails,,,,
"CSS Editor",https://github.com/biblibre/omeka-s-module-CSSEditor,,2016-03-16T17:55:26Z,2020-10-14T09:37:42Z,1.0.1,,,"Roy Rosenzweig Center for History and New Media",,,"Add public CSS styles through the admin interface.",,http://omeka.org/codex/Plugins/CSS_Editor,,,,
"CSS Editor",https://github.com/daniel-km/omeka-s-module-CSSEditor,https://github.com/biblibre/omeka-s-module-CSSEditor,2018-07-04T09:08:18Z,2020-02-09T16:34:13Z,3.0.2,,"^1.1.0 || ^2.0.0","Roy Rosenzweig Center for History and New Media, upgraded by BibLibre and Daniel Berthereau",https://github.com/Daniel-KM,GPL-3.0,"Add public CSS styles through the admin interface.","theme, customization, css",https://github.com/Daniel-KM/Omeka-S-module-CSSEditor,https://github.com/Daniel-KM/Omeka-S-module-CSSEditor/issues,,https://github.com/Daniel-KM/Omeka-S-module-CSSEditor/releases/download/3.0.2/CSSEditor-3.0.2.zip,
CSSEditor,https://github.com/omeka-s-modules/CSSEditor,,2019-06-27T14:18:32Z,2020-10-08T14:24:12Z,1.3.0,,^3.0.0,"Omeka Team",https://omeka.org,,"Allows for CSS overrides.",,https://github.com/omeka-s-modules/CSSEditor,https://forum.omeka.org/c/omeka-s/modules,,https://github.com/omeka-s-modules/CSSEditor/releases/download/v1.3.0/CSSEditor-1.3.0.zip,
"CSV Import",https://github.com/omeka-s-modules/CSVImport,,2015-07-30T23:24:12Z,2021-01-12T09:37:00Z,2.1.1,,^2.0.0,"Omeka Team and Daniel Berthereau",https://omeka.org/,GPLv3,"Import and update content (items, item sets, media, users) from a CSV, a TSV or an ODS file.","import, csv, spreadsheet, bulk upload, bulk update",https://omeka.org/s/docs/user-manual/modules/csvimport/,https://forum.omeka.org/c/omeka-s/modules,,https://github.com/omeka-s-modules/CSVImport/releases/download/v2.2.1/CSVImport-2.2.1.zip,
"Custom Advanced Search",https://github.com/omeka-s-modules/CustomAdvancedSearch,,2017-12-20T21:31:59Z,2019-08-06T17:32:52Z,0.0.1,,"^1.0.0 || ^2.0.0","Omeka Team",https://omeka.org/,,"Customize the advanced search form",,,https://forum.omeka.org/c/omeka-s/modules,,,
"Custom Ontology",https://github.com/Daniel-KM/Omeka-S-module-CustomOntology,,2018-03-05T11:01:05Z,2021-01-04T23:15:49Z,3.3.5.1,,^3.0.0,"Daniel Berthereau",https://gitlab.com/Daniel-KM,"CeCILL v2.1","Create specific classes and properties to describe resources when no standard ontologies can be used.","ontology, vocabulary, class, property",https://gitlab.com/Daniel-KM/Omeka-S-module-CustomOntology,https://gitlab.com/Daniel-KM/Omeka-S-module-CustomOntology/-/issues,,https://github.com/Daniel-KM/Omeka-S-module-CustomOntology/releases/download/3.3.5.1/CustomOntology-3.3.5.1.zip,
"Custom Vocab",https://github.com/omeka-s-modules/CustomVocab,,2016-01-26T17:52:19Z,2020-12-03T18:28:35Z,1.3.1,,^3.0.0,"Omeka Team",https://omeka.org/,,"Describe your resources using vocabularies you create.",,https://omeka.org/s/docs/user-manual/modules/customvocab/,https://forum.omeka.org/c/omeka-s/modules,,https://github.com/omeka-s-modules/CustomVocab/releases/download/v1.3.1/CustomVocab-1.3.1.zip,
"Data Cleaning",https://github.com/omeka-s-modules/DataCleaning,,2020-07-08T22:18:51Z,2020-10-12T20:10:09Z,0.1.0,,^3.0.0,"Omeka Team",https://omeka.org/,,"Low-level auditing and cleaning of resource metadata",,,,,,
"DataScribe Data Types",https://github.com/chnm/DatascribeDataTypes-module,,2020-05-20T16:49:45Z,2020-10-14T16:27:57Z,0.1.0,,^3.0.0,"Roy Rosenzweig Center for History & New Media",http://rrchnm.org/,,"Custom DataScribe data types created by and for RRCHNM",,,,,,
DataScribe,https://github.com/chnm/Datascribe-module,,2019-08-13T18:46:01Z,2020-12-07T15:37:49Z,1.0.0-beta,,^3.0.0,"Roy Rosenzweig Center for History & New Media",http://rrchnm.org/,,"Transcribe structured data",,https://datascribe.tech/,https://datascribe.tech/,,,
DataTypeClass,https://github.com/Limonadeandcoscop/omeka-s-module-DataTypeClass,,2018-11-16T14:08:30Z,2019-11-27T12:57:54Z,1.0.0,,^1.2.0,Limonade&Co,https://github.com/Limonadeandcoscop,,"Allow user to choose a specific resource class as datatype",,https://github.com/Limonadeandcoscop/omeka-s-module-DataTypeClass,https://forum.omeka.org/c/omeka-s/modules,,,
"Data Type Geometry",https://github.com/Daniel-KM/Omeka-S-module-DataTypeGeometry,,2018-12-21T05:16:26Z,2020-12-11T00:50:27Z,3.1.5.1,,"^1.2.0 || ^2.0.0","Daniel Berthereau for EHESS",https://github.com/Daniel-KM,CeCILL-2.1,"Adds data types Geometry and Geography to store markers and area highlights of images and maps with wkt.","annotation, cartography, geometry, geography",https://github.com/Daniel-KM/Omeka-S-module-DataTypeGeometry,https://github.com/Daniel-KM/Omeka-S-module-DataTypeGeometry/issues,,https://github.com/Daniel-KM/Omeka-S-module-DataTypeGeometry/releases/download/3.1.5.1/DataTypeGeometry-3.1.5.1.zip,
"Data Type Place",https://gitlab.com/Daniel-KM/Omeka-S-module-DataTypePlace,,,,3.3.1.0,,^3.0.0,"Daniel Berthereau",https://gitlab.com/Daniel-KM,CECILL-2.1,"Add a special data type to store common data about a place inside a single value, generally Dublic Core: Spatial cover.","linked data",https://gitlab.com/Daniel-KM/Omeka-S-module-DataTypePlace,https://gitlab.com/Daniel-KM/Omeka-S-module-DataTypePlace/-/issues,,,AdvancedResourceTemplate
"Data Type RDF",https://github.com/Daniel-KM/Omeka-S-module-DataTypeRdf,,2020-10-22T14:31:22Z,2020-10-27T09:04:22Z,3.3.4.1,,^3.0.0,"Daniel Berthereau",https://gitlab.com/Daniel-KM,CECILL-2.1,"Implement some  W3C RDF datatypes (html, xml, boolean) in order to simplify user input and to give more semanticity to values of resources.","semantic web, rdf, xsd, w3c recommendation, linked data",https://gitlab.com/Daniel-KM/Omeka-S-module-DataTypeRdf,https://gitlab.com/Daniel-KM/Omeka-S-module-DataTypeRdf/-/issues,,https://github.com/Daniel-KM/Omeka-S-module-DataTypeRdf/releases/download/3.3.4.1/DataTypeRdf-3.3.4.1.zip,
"Data Visualization",https://github.com/omeka-s-modules/Datavis,,2020-10-22T23:03:09Z,2021-01-07T18:38:20Z,0.1.0,,^3.0.0,"Omeka Team",https://omeka.org/,,"Visualize your data",,,,,,
"Derivative Images [archived]",https://github.com/Daniel-KM/Omeka-S-module-DerivativeImages,,2018-08-28T12:37:36Z,2021-01-04T23:15:51Z,3.3.7.0,,^3.0.0,"Daniel Berthereau",https://gitlab.com/Daniel-KM,CECILL-2.1,"Recreate (or create) derivative images.","admin, image, thumbnail",https://gitlab.com/Daniel-KM/Omeka-S-module-DerivativeImages,https://gitlab.com/Daniel-KM/Omeka-S-module-DerivativeImages/-/issues,,https://github.com/Daniel-KM/Omeka-S-module-DerivativeImages/releases/download/3.3.7.0/DerivativeImages-3.3.7.0.zip,
"Derivative Media",https://gitlab.com/Daniel-KM/Omeka-S-module-DerivativeMedia,,,,3.3.2.1,,^3.0.0,"Daniel Berthereau",https://gitlab.com/Daniel-KM,CECILL-2.1,"Create derivative audio/video media files for cross-browser compatibility.","multimedia, audio, video, cross-browser compatibility",https://gitlab.com/Daniel-KM/Omeka-S-module-DerivativeMedia,https://gitlab.com/Daniel-KM/Omeka-S-module-DerivativeMedia/-/issues,,,Log
"Diigo Import",https://github.com/samszo/Omeka-S-module-DiigoImport,,2020-04-15T05:42:38Z,2020-06-18T10:14:08Z,0.0.5,,^2.0.0,"Samuel Szoniecky",http://samszo.univ-paris8.fr/,,"Import items and files from Diigo user libraries.",,https://github.com/samszo/Omeka-S-module-DiigoImport,https://github.com/samszo/Omeka-S-module-DiigoImport,,,
"Diva IIIF Viewer",https://github.com/Daniel-KM/Omeka-s-module-Diva,,2019-01-16T09:15:41Z,2020-11-24T17:07:58Z,3.3.2.1,,^3.0.0,"Daniel Berthereau",https://gitlab.com/Daniel-KM,"CeCILL v2.1","Integrates Diva, an advanced, light and themable viewer, in order to display one or multiple images, local or remote, via the IIIF standard.","viewer, book, digital library, image comparison",https://gitlab.com/Daniel-KM/Omeka-S-module-Diva,https://gitlab.com/Daniel-KM/Omeka-S-module-Diva/-/issues,,https://github.com/Daniel-KM/Omeka-s-module-Diva/releases/download/3.3.2.1/Diva-3.3.2.1.zip,
"Domain Manager",https://github.com/hafizchin/DomainManager,,2019-04-15T12:30:54Z,2020-12-04T16:49:21Z,1.2,,"^1.4.0 || ^2.0.0","University of Toronto Libraries",https://github.com/hafizchin/,,"Maps an Omeka site to domain",,https://github.com/hafizchin/DomainManager,,,,
"Donate to RRCHNM",https://github.com/chnm/rrchnm-donate-omeka-s,,2020-03-17T18:52:40Z,2020-03-17T18:53:36Z,1.0.0,,"^1.2.0 || ^2.0.0","Roy Rosenzweig Center for History & New Media",http://rrchnm.org/,,"Include a banner for donating to RRCHNM.",,,,,,
"Dspace Connector",https://github.com/omeka-s-modules/DspaceConnector,,2015-03-02T23:56:03Z,2020-10-22T19:13:03Z,1.1.0,,^2.0.0,"Omeka Team",https://omeka.org/,,"Connect Omeka S to DSpace repositories.",,https://omeka.org/s/docs/user-manual/modules/dspaceconnector/,https://forum.omeka.org/c/omeka-s/modules,,https://github.com/omeka-s-modules/DspaceConnector/releases/download/v1.2.0/DspaceConnector-1.2.0.zip,
EAD,https://github.com/Daniel-KM/Omeka-S-module-Ead,,2019-05-14T11:09:19Z,2020-07-17T21:47:03Z,3.0.4,,"^1.2.0 || ^2.0.0","Daniel Berthereau",https://github.com/Daniel-KM,CECILL-2.1,"Allow to manage archives from EAD finding aids and to visualize archival finding aids as a tree of documents.","EAD, hierarchic list",https://github.com/Daniel-KM/Omeka-S-module-Ead,https://github.com/Daniel-KM/Omeka-S-module-Ead/issues,,https://github.com/Daniel-KM/Omeka-S-module-Ead/releases/download/3.0.4/Ead-3.0.4.zip,BulkImport
"Easy Install",https://github.com/Daniel-KM/Omeka-S-module-EasyInstall,,2017-03-06T13:24:17Z,2020-04-02T06:08:30Z,3.2.5,,"^1.2.0 || ^2.0.0","Daniel Berthereau",https://github.com/Daniel-KM,"CeCILL v2.1","Module for installing modules and themes from the web (https://github.com and https://gitlab.com).","utility, admin",https://github.com/Daniel-KM/Omeka-S-module-EasyInstall,https://github.com/Daniel-KM/Omeka-S-module-EasyInstall/issues,,https://github.com/Daniel-KM/Omeka-S-module-EasyInstall/releases/download/3.2.5/EasyInstall-3.2.5.zip,
"eBook Creator",https://github.com/Daniel-KM/Omeka-S-module-Ebook,,2018-10-30T08:08:29Z,2020-12-10T23:48:38Z,3.0.9,,^2.0.0,"Daniel Berthereau",https://github.com/Daniel-KM,CECILL-2.1,"Merge selected resources into an ePub or a pdf file for publishing, report, or archiving purpose.","export, ebook, ePub, pdf, publishing, report, archiving",https://github.com/Daniel-KM/Omeka-S-module-Ebook,https://github.com/Daniel-KM/Omeka-S-module-Ebook/issues,,https://github.com/Daniel-KM/Omeka-S-module-Ebook/releases/download/3.0.9/Ebook-3.0.9.zip,
EhpSearchForm,https://github.com/pols12/omeka-s-module-EhpSearchForm,,2018-08-08T18:02:07Z,2019-02-19T14:54:32Z,1.3.0,,,Pols12,,,"Letter and biblio search forms for e-HP website",,https://github.com/pols12/omeka-s-module-EhpSearchForm,,,,
"EU Cookie Bar",https://github.com/Daniel-KM/Omeka-S-module-EUCookieBar,,2020-03-09T05:55:52Z,2020-11-23T08:56:23Z,3.3.4.2,,^3.0.0,"Daniel Berthereau",https://gitlab.com/Daniel-KM,CECILL-2.1,"Adds a European Union warning about cookies and private life, if you use Google analytics, Facebook buttons or your own tools to steal personal data of your visitors.","private life, cookie, rgpd",https://gitlab.com/Daniel-KM/Omeka-S-module-EUCookieBar,https://gitlab.com/Daniel-KM/Omeka-S-module-EUCookieBar/-/issues,,https://github.com/Daniel-KM/Omeka-S-module-EUCookieBar/releases/download/3.3.4.2/EUCookieBar-3.3.4.2.zip,
"Exhibit List",https://github.com/coreytegeler/omeka-s-module-ExhibitList,,2020-03-18T15:48:04Z,2020-05-03T16:51:22Z,1.0,,,"Corey Tegeler",http://coreytegeler.com,,,,http://coreytegeler.com,,,,
"Exploratory Map",https://github.com/coreytegeler/omeka-s-module-ExploratoryMap,,2018-03-15T03:26:28Z,2020-12-10T19:10:00Z,1.0,,,"Corey Tegeler",http://coreytegeler.com,,,,http://coreytegeler.com,,,,
"Exploratory Text",https://github.com/coreytegeler/omeka-s-module-ExploratoryText,,2020-03-27T16:40:45Z,2020-05-04T16:07:33Z,1.2,,,"Corey Tegeler",http://coreytegeler.com,,,,http://coreytegeler.com,,,,
Export,https://github.com/lauraleif/Export,,2019-04-10T17:44:35Z,2020-10-28T19:55:04Z,1.5.0,,"^1.0.0 || ^2.0.0 || ^3.0.0","Laura Eiford",https://github.com/lauraleif,GPLv3,"Export collection metadata into a CSV file.","export, csv, spreadsheet, bulk edit, bulk update",https://github.com/lauraleif/Export,,,https://github.com/lauraleif/Export/releases/download/v1.5.0/Export.zip,
"Extended Site Description",https://github.com/Omeka-External/ExtendedSiteDescription,,2019-10-03T19:07:26Z,2019-10-10T00:00:50Z,0.2.0,,"^1.1.0 || ^2.0.0","Omeka Team",,GPLv3,,,,,,https://github.com/Omeka-External/ExtendedSiteDescription/releases/download/v0.2.0/ExtendedSiteDescription-0.2.0.zip,
"Extract Ocr",https://github.com/bubdxm/Omeka-S-module-ExtractOcr,,2018-05-24T12:08:43Z,2019-03-14T10:50:15Z,3.3.2.1,,^3.0.0,"bubdxm, completed by Daniel Berthereau",https://github.com/symac,GPL-3.0-or-later,"Creates xml files from pdf using command line tool pdftohtml. The xml format is pdf2xml and it is stored as a new file associated with the item.","ocr, pdf",http://github.com/bubdxm/Omeka-S-module-ExtractOcr,,,https://github.com/bubdxm/Omeka-S-module-ExtractOcr/releases/download/0.1/ExtractOcr-0.1.zip,
"Extract Text",https://github.com/omeka-s-modules/ExtractText,,2018-12-06T18:17:27Z,2020-10-08T14:26:23Z,1.2.0,,^3.0.0,"Omeka Team",https://omeka.org/,,"Extract text from files to make them searchable.",,https://omeka.org/s/docs/user-manual/modules/extracttext/,https://forum.omeka.org/c/omeka-s/modules,,https://github.com/omeka-s-modules/ExtractText/releases/download/v1.2.0/ExtractText-1.2.0.zip,
Favorite,https://github.com/billxu0521/Omeka-S-module-Favorite,,2020-03-13T02:43:34Z,2020-09-01T04:59:32Z,0.0.1,,"^1.4.0 || ^2.0.0",Billxu,http://dlll-info.dlll.nccu.edu.tw/,"CeCILL v2.1","Allow user to add favorite item.","user board",,,,,Guest
"Fedora Connector",https://github.com/omeka-s-modules/FedoraConnector,,2015-04-03T17:25:30Z,2020-12-04T20:54:31Z,1.1.0,,^2.0.0,"Omeka Team",https://omeka.org/,,"Connect Omeka S to Fedora 4 repositories.",,https://omeka.org/s/docs/user-manual/modules/fedoraconnector/,https://forum.omeka.org/c/omeka-s/modules,,https://github.com/omeka-s-modules/FedoraConnector/releases/download/v1.2.0/FedoraConnector-1.2.0.zip,
"Feed (rss/atom)",https://github.com/Daniel-KM/Omeka-S-module-Feed,,2020-02-03T09:47:32Z,2021-01-14T14:53:53Z,3.3.3.1.3,,^3.0.0,"Daniel Berthereau pour la Fondation Maison de Salins",https://gitlab.com/Daniel-KM,CeCILL-2.1,"Add a rss/atom feed to Omeka with selected pages or resources.","feed, rss",https://gitlab.com/Daniel-KM/Omeka-S-module-Feed,https://gitlab.com/Daniel-KM/Omeka-S-module-Feed/-/issues,,https://github.com/Daniel-KM/Omeka-S-module-Feed/releases/download/3.3.3.1.3/Feed-3.3.3.1.3.zip,
"Fields as Tags",https://github.com/Libnamic/Omeka-S-FieldAsTags,,2020-10-14T09:00:27Z,2020-10-29T10:40:40Z,1.0.1,,"^2.0.0 || ^3.0.0",Libnamic,https://omeka.libnamic.com,MIT,"Shows browsable tags based in metadata fields in Omeka S item lists","web, tags, metadata, browse, navigation",https://github.com/Libnamic/Omeka-S-FieldsAsTags,https://github.com/Libnamic/Omeka-S-FieldsAsTags/issues,,https://github.com/Libnamic/Omeka-S-FieldAsTags/releases/download/v1.0.1/FieldsAsTags.zip,
"File Sideload",https://github.com/omeka-s-modules/FileSideload,,2015-07-30T23:24:30Z,2020-10-08T14:27:24Z,1.4.0,,^3.0.0,"Omeka Team",https://omeka.org/,,"Add files that are already on your server to items.",,https://omeka.org/s/docs/user-manual/modules/filesideload/,https://forum.omeka.org/c/omeka-s/modules,,https://github.com/omeka-s-modules/FileSideload/releases/download/v1.4.0/FileSideload-1.4.0.zip,
FIT,https://github.com/fitnycdigitalinitiatives/FITModule,,2020-04-22T15:45:11Z,2020-12-04T20:18:46Z,1.0,,,"FIT Library Digital Initiatives",,,"Makes some modification to Omeka-S to work with FIT Library's digital infrastructure and to play well with Archivmatica. Modifies IIIF ingest. Adds new data types.",,,,,,
Folksonomy,https://github.com/Daniel-KM/Omeka-S-module-Folksonomy,,2017-05-08T04:31:56Z,2020-11-20T10:01:17Z,3.3.10.1,,^3.0.0,"Daniel Berthereau",https://gitlab.com/Daniel-KM,"CeCILL v2.1","Add tags and tagging form to any resource to create uncontrolled vocabularies and tag clouds.","tag, contribution, folksonomy, tagging",https://gitlab.com/Daniel-KM/Omeka-S-module-Folksonomy,https://gitlab.com/Daniel-KM/Omeka-S-module-Folksonomy/-/issues,,https://github.com/Daniel-KM/Omeka-S-module-Folksonomy/releases/download/3.3.10.1/Folksonomy-3.3.10.1.zip,
FreeSpace,https://github.com/symac/Omeka-S-module-FreeSpace,,2019-10-08T13:32:32Z,2019-10-08T19:24:01Z,1.0,,,"Sylvain Machefert",https://github.com/symac,,"Display the remaining space on disk on the admin dashboard.",,https://github.com/symac/Omeka-S-module-FreeSpace,,,https://github.com/symac/Omeka-S-module-FreeSpace/releases/download/v1.0/Omeka-Module-FreeSpace-1.0.zip,
Generic,https://github.com/Daniel-KM/Omeka-S-module-Generic,,2019-02-26T05:34:58Z,2021-01-04T23:15:53Z,3.3.27,,^3.0.0,"Daniel Berthereau",https://gitlab.com/Daniel-KM,CeCILL-2.1,"Bring together all one-time methods used to install or to config another module.",development,https://gitlab.com/Daniel-KM/Omeka-S-module-Generic,https://gitlab.com/Daniel-KM/Omeka-S-module-Generic/issues,,https://github.com/Daniel-KM/Omeka-S-module-Generic/releases/download/3.3.27/Generic-3.3.27.zip,
"Google Analytics",https://github.com/digirati-co-uk/omeka-google-analytics-module,,2017-06-26T13:40:22Z,2018-07-23T09:05:57Z,1.0.1,,^1.0.0,Digirati,https://github.com/digirati-co-uk,,"Omeka-S module for adding Google Analytics tracking code",,https://github.com/digirati-co-uk/omeka-google-analytics-module,,,,
"Google Analytics",https://github.com/Libnamic/Omeka-S-GoogleAnalytics,,2019-02-19T13:22:03Z,2020-11-18T12:01:13Z,1.1.2,,"^1.0.0 || ^2.0.0",Libnamic,https://omeka.libnamic.com,MIT,"Includes simple support for Google Analytics in Omeka S","web, analytics, tracking, visitors, google",https://github.com/Libnamic/Omeka-S-GoogleAnalytics,https://github.com/Libnamic/Omeka-S-GoogleAnalytics/issues,,https://github.com/Libnamic/Omeka-S-GoogleAnalytics/releases/download/v1.1.2/LibnamicOmekaSGA.zip,
GroupEdit,https://github.com/lib-uoguelph-ca/Omeka-S-module-GroupEdit,,2018-08-16T19:43:19Z,2019-03-19T18:57:33Z,1.0,,^1.1.0,"Adam Doan",https://github.com/lib-uoguelph-ca,"GNU General Public License v3.0","Extend the Groups module, allowing group membership to edit shared content.","administration, group, rights",https://github.com/lib-uoguelph-ca/Omeka-S-module-GroupEdit,https://github.com/lib-uoguelph-ca/Omeka-S-module-GroupEdit/issues,,,
Group,https://github.com/Daniel-KM/Omeka-S-module-Group,,2018-01-08T05:18:35Z,2020-11-23T09:14:45Z,3.3.4,,^3.0.0,"Daniel Berthereau",https://gitlab.com/Daniel-KM,"CeCILL v2.1","Add groups to users and resources to manage the access rights and the resource visibility in a more flexible way.","administration, group, rights",https://gitlab.com/Daniel-KM/Omeka-S-module-Group,https://gitlab.com/Daniel-KM/Omeka-S-module-Group/-/issues,,https://github.com/Daniel-KM/Omeka-S-module-Group/releases/download/3.3.4/Group-3.3.4.zip,
"Guest Api",https://github.com/Daniel-KM/Omeka-S-module-GuestApi,,2019-12-10T08:25:42Z,2021-01-04T23:15:53Z,3.3.3.3.3,,^3.0.0,"Daniel Berthereau",https://gitlab.com/Daniel-KM,CECILL-2.1,"Manage the common user actions (guest or other roles) via api (register, change password, update profile…).","authentication, back-end",https://gitlab.com/Daniel-KM/omeka-s-module-GuestApi,https://gitlab.com/Daniel-KM/omeka-s-module-GuestApi/-/issues,,https://github.com/Daniel-KM/Omeka-S-module-GuestApi/releases/download/3.3.3.3.3/GuestApi-3.3.3.3.3.zip,Guest
Guest,https://github.com/Daniel-KM/Omeka-S-module-GuestUser,https://github.com/biblibre/omeka-s-module-GuestUser,2017-08-17T23:11:52Z,2019-06-18T20:15:12Z,3.4.10.3.5,,^3.0.0,"Daniel Berthereau (improvements based on BibLibre port)",https://gitlab.com/Daniel-KM,CECILL-2.1,"Adds a guest role. Can’t access backend, but allows plugins to use an authenticated user.","authentication, front-end",https://gitlab.com/Daniel-KM/omeka-s-module-Guest,https://gitlab.com/Daniel-KM/omeka-s-module-Guest/-/issues,,,
"Guest Role",https://github.com/biblibre/omeka-s-module-GuestRole,,2020-12-01T14:18:06Z,2020-12-01T14:18:38Z,0.1.0,,^2.0.0,BibLibre,https://www.biblibre.com/,,"Adds a user role with no admin permissions",,https://github.com/biblibre/omeka-s-module-GuestRole,,,,
"Guest User",https://github.com/kyfr59/omeka-s-module-GuestUser,,2016-11-09T15:34:04Z,2020-10-05T12:14:05Z,0.1,,,Biblibre,,,"Adds a guest user role. Can't access backend, but allows plugins to use an authenticated user",,https://github.com/biblibre/omeka-s-module-GuestUser,,,,
Générateur,https://github.com/samszo/omeka-s-module-generateur,,2020-02-08T08:37:14Z,2020-12-12T21:22:06Z,3.0.3-alpha,,"^1.3.0 || ^2.0.0","Samuel Szoniecky, Laboratoire Paragraphe, Université Paris 8",http://samszo.univ-paris8.fr,CC0-1.0,"Generate resources from items.","fake news, controversy, polemic",https://github.com/samszo/Omeka-S-module-Generateur,https://github.com/samszo/Omeka-S-module-Generateur/issues,,,
"Hide Properties",https://github.com/zerocrates/HideProperties,,2018-04-06T00:18:37Z,2021-01-19T18:17:26Z,1.2.0,,^3.0.0,"John Flatness",https://github.com/zerocrates,GPLv3,,,https://github.com/zerocrates/HideProperties,https://github.com/zerocrates/HideProperties/issues,,https://github.com/zerocrates/HideProperties/releases/download/v1.2.0/HideProperties-1.2.0.zip,
"Hierarchical Browser",https://github.com/alexroseb/HBrowser,,2019-11-15T19:10:59Z,2019-12-20T14:44:44Z,1.0.0,,,"PALP - Alex Brenon",https://github.com/alexroseb/,,"Add hierarchical browser to show parents and children on item pages.",,https://github.com/alexroseb/HBrowser,,,,
IdRef,https://github.com/biblibre/omeka-s-module-IdRef,,2016-09-13T09:26:03Z,2020-10-14T12:05:40Z,0.1.0,,,BibLibre,https://github.com/biblibre,,"Add IdRef data type",,https://github.com/biblibre/omeka-s-module-IdRef,,,,
IIIFHosting,https://github.com/klokantech/omeka-s-module-IIIFHosting,,2017-05-09T15:14:10Z,2018-10-25T10:13:08Z,1.0.0-beta,,^1.0.0-beta3,Klokantech,http://www.klokantech.com/,,"IIIFHosting connector",,,https://github.com/klokantech/omeka-s-module-IIIF,,,
"Iiif Search",https://github.com/bubdxm/Omeka-S-module-IiifSearch,,2018-05-18T14:00:13Z,2018-12-10T13:16:30Z,3.3.2.1,,^3.0.0,"bubdxm, improved by Daniel Berthereau",https://github.com/bubdxm,GPL-3.0-or-later,"Search api for universal viewer module.","iiif, search",https://github.com/bubdxm/Omeka-S-module-IiifSearch,,,,
"IIIF Server",https://github.com/Daniel-KM/Omeka-S-module-IiifServer,,2017-03-06T12:04:44Z,2021-01-19T11:34:37Z,3.6.3.1,,^3.0.0,"Daniel Berthereau (improvements based on BibLibre port)",https://gitlab.com/Daniel-KM,"CeCILL v2.1","Integrates the IIIF specifications to allow to share instantly images, audio and video.","iiif, specification, standard, share",https://gitlab.com/Daniel-KM/Omeka-S-module-IiifServer,https://gitlab.com/Daniel-KM/Omeka-S-module-IiifServer/-/issues,,https://github.com/Daniel-KM/Omeka-S-module-IiifServer/releases/download/3.6.3.1/IiifServer-3.6.3.1.zip,
"IIIF Viewers",https://github.com/nakamura196/Omeka-S-module-IiifViewers2,,2021-01-04T07:37:37Z,2021-01-04T07:53:08Z,0.0.1,,^3.0.0,"Satoru Nakamura",https://researchmap.jp/nakamura.satoru?lang=en,CC0,"Add links of IIIF Manifest and Viewers.",IIIF,https://github.com/utda/Omeka-S-module-IIIFViewers,https://github.com/utda/Omeka-S-module-IIIFViewers/issues,,,
"Image Map",https://github.com/vachanda/image-map,,2020-03-25T03:04:37Z,2020-05-12T18:26:38Z,1.0,,^2.0.0,"Vachan D A",https://github.com/vachanda,,"Allows you to store image pixel locations to be used later for image maps.",,https://github.com/vachanda/image-map,https://forum.omeka.org/c/omeka-s/modules,,https://github.com/vachanda/image-map/releases/download/v2.0.0/ImageMap.zip,
"Image Server",https://github.com/Daniel-KM/Omeka-S-module-ImageServer,,2020-03-12T11:40:04Z,2021-01-19T11:32:30Z,3.6.4.3,,^3.0.0,"Daniel Berthereau",https://gitlab.com/Daniel-KM,"CeCILL v2.1","Simple and iiif compliant image server to process and share instantly images of any size in the desired formats.","iiif, image server, specification, standard, share",https://gitlab.com/Daniel-KM/Omeka-S-module-ImageServer,https://gitlab.com/Daniel-KM/Omeka-S-module-ImageServer/-/issues,,https://github.com/Daniel-KM/Omeka-S-module-ImageServer/releases/download/3.6.4.3/ImageServer-3.6.4.3.zip,IiifServer
Internationalisation,https://github.com/Daniel-KM/Omeka-S-module-Internationalisation,,2019-04-08T13:27:15Z,2021-01-05T10:44:49Z,3.3.10.0,,^3.0.0,"Daniel Berthereau for watau.fr",https://gitlab.com/Daniel-KM,CECILL-2.1,"Manage languages and translation by site and pages, and add a language switcher for the front-end.","translation, language",https://gitlab.com/Daniel-KM/Omeka-S-module-Internationalisation,https://gitlab.com/Daniel-KM/Omeka-S-module-Internationalisation/-/issues,,https://github.com/Daniel-KM/Omeka-S-module-Internationalisation/releases/download/3.3.10.0/Internationalisation-3.3.10.0.zip,Generic
"Item Copy",https://github.com/gegedenice/ItemCopy,,2018-10-09T12:14:38Z,2020-12-06T13:12:22Z,1.2.0,,^3.0.0,"Géraldine Geoffroy",,WTFPL,"Allow copy/paste Resources in one click in the browse items page of admin Dashboard. The module's latest version works only with Omeka S v3, for earlier versions of Omeka S see previous releases https://github.com/gegedenice/ItemCopy/releases","admin, curation",https://github.com/gegedenice/CopyItem,,,https://github.com/gegedenice/ItemCopy/releases/download/1.2.0/ItemCopy.zip,
"Item Set Calendar",https://github.com/biblibre/omeka-s-module-ItemSetCalendar,,2020-07-21T13:47:38Z,2020-10-14T13:02:12Z,0.1.0,,^2.0.0,BibLibre,https://www.biblibre.com/,,"Browse items of an item set in a calendar view",,https://github.com/biblibre/omeka-s-module-ItemSetCalendar,,,,
"Item Sets Tree",https://github.com/biblibre/omeka-s-module-ItemSetsTree,,2016-06-10T09:57:50Z,2021-01-19T10:19:54Z,0.3.0,,^3.0.0,BibLibre,https://www.biblibre.com,,"Allows to organize item sets in a tree",,https://github.com/biblibre/omeka-s-module-ItemSetsTree,,,https://github.com/biblibre/omeka-s-module-ItemSetsTree/releases/download/v0.3.0/ItemSetsTree-0.3.0.zip,
JDC,https://github.com/samszo/Omeka-S-module-JDC,,2020-06-08T06:43:04Z,2020-06-08T08:23:33Z,0.0.1,,^2.0.0,"Samuel Szoniecky",http://samszo.univ-paris8.fr/,,"Cultiver ses connaissances dans omeka s",,https://github.com/samszo/Omeka-S-module-JDC,https://github.com/samszo/Omeka-S-module-JDC,,,
jQueryUI,https://github.com/biblibre/omeka-s-module-jQueryUI,,2016-05-12T13:52:19Z,2018-03-07T08:10:53Z,1.12.1,,,BibLibre,https://github.com/biblibre,,"Provides jQueryUI for other modules",,https://github.com/biblibre/omeka-s-module-jQueryUI,,,https://github.com/biblibre/omeka-s-module-jQueryUI/releases/download/v1.12.1/jQueryUI-1.12.1.zip,
Kalturastream,https://github.com/wgcowan/Kalturastream,,2020-01-20T19:17:26Z,2020-01-20T19:29:48Z,1.1.0,,^2.0.0,wgcowan,http://green-darner.com,,"Kaltura Videostreaming for Omeka S",,https://green-darner.com/modules/kalturastream/,http://green-darner.com,,,
LDAP,https://github.com/biblibre/omeka-s-module-Ldap,,2020-09-07T09:23:40Z,2020-10-01T10:13:54Z,0.1.0,,^2.0.0,BibLibre,https://www.biblibre.com,,"Authentication with LDAP",,https://github.com/biblibre/omeka-s-module-Ldap,,,,
Ldap,https://github.com/digihum/omeka-s-ldap,,2016-12-12T11:24:57Z,2020-11-18T16:37:26Z,0.2,,^1.0.0-beta2,"Tim Hollies",http://warwick.ac.uk/digitalhumanities,,"Authenticate Omeka-S users with LDAP",,,,,,
"Local Media Ingester",https://github.com/biblibre/omeka-s-module-LocalMediaIngester,,2020-04-01T08:48:25Z,2020-06-17T09:49:19Z,0.1.0,,^2.0.0,BibLibre,https://biblibre.com/,,"Add files that are already on your server to items.",,https://github.com/biblibre/omeka-s-module-LocalMediaIngester,https://github.com/biblibre/omeka-s-module-LocalMediaIngester/issues,,,
Lockout,https://github.com/Daniel-KM/Omeka-S-module-Lockout,,2017-06-08T10:19:00Z,2020-11-24T20:56:28Z,3.3.4,,^3.0.0,"Daniel Berthereau (port of Johan Eenfeldt's plugin for WordPress)",https://gitlab.com/Daniel-KM,"CeCILL v2.1","Limit rate of login attempts for each IP to avoid brute-force attacks.","login, security, authentication",https://gitlab.com/Daniel-KM/Omeka-S-module-Lockout,https://gitlab.com/Daniel-KM/Omeka-S-module-Lockout/-/issues,,https://github.com/Daniel-KM/Omeka-S-module-Lockout/releases/download/3.3.4/Lockout-3.3.4.zip,
Log,https://github.com/Daniel-KM/Omeka-S-module-Log,,2018-01-08T06:43:53Z,2021-01-04T23:15:52Z,3.3.12.6,,^3.0.0,"Daniel Berthereau",https://gitlab.com/Daniel-KM,CECILL-2.1,"Monitor all logging messages and background jobs directly in the admin board or in the cloud and make them translatable and easily checkable.","monitor, log, psr-3, logging, job, admin",https://gitlab.com/Daniel-KM/Omeka-S-module-Log,https://gitlab.com/Daniel-KM/Omeka-S-module-Log/-/issues,,https://github.com/Daniel-KM/Omeka-S-module-Log/releases/download/3.3.12.6/Log-3.3.12.6.zip,
Maintenance,https://github.com/Daniel-KM/Omeka-S-module-Maintenance,,2017-11-14T12:13:27Z,2020-11-24T21:03:38Z,3.3.3.0,,^3.0.0,"Daniel Berthereau",https://gitlab.com/Daniel-KM,"CeCILL v2.1","Add a setting to set the site under maintenance for the public. Can be disabled when unused.","administration, miscellaneous",https://gitlab.com/Daniel-KM/Omeka-S-module-Maintenance,https://gitlab.com/Daniel-KM/Omeka-S-module-Maintenance/-/issues,,https://github.com/Daniel-KM/Omeka-S-module-Maintenance/releases/download/3.3.3.0/Maintenance-3.3.3.0.zip,
"Mapping American Religious Ecologies",https://github.com/chnm/Mare-module,,2018-08-16T16:09:20Z,2020-10-29T19:14:51Z,1.0.0,,"^1.2.0 || ^2.0.0","Roy Rosenzweig Center for History & New Media",http://rrchnm.org/,,"Enable functionality needed for Mapping American Religious Ecologies.",,,,,,
Mapping,https://github.com/omeka-s-modules/Mapping,,2016-03-16T20:35:19Z,2021-01-05T23:07:19Z,1.4.0,,^3.0.0,"Omeka Team",https://omeka.org/,,"Add location info to your items and sites.",,https://omeka.org/s/docs/user-manual/modules/mapping/,https://forum.omeka.org/c/omeka-s/modules,,https://github.com/omeka-s-modules/Mapping/releases/download/v1.4.0/Mapping-1.4.0.zip,
"Media Watermark",https://github.com/3ffusi0on/omeka-s-media-watermark,,2019-11-02T13:27:07Z,2021-01-14T11:03:42Z,1.0,,^1.0.0,"Pierre-Alain SIMON",https://github.com/3ffusi0on,,"Omeka S module for adding watermark on uploaded medias",watermark,https://github.com/3ffusi0on/omeka-s-media-watermark,,,,
"Metadata Browse",https://github.com/omeka-s-modules/MetadataBrowse,,2015-07-30T23:23:54Z,2020-10-08T14:29:07Z,1.2.0,,"^1.0.0 || ^2.0.0","Omeka Team",https://omeka.org/,,"Adds a link to same results for metadata values.",,https://omeka.org/s/docs/user-manual/modules/metadatabrowse/,https://forum.omeka.org/c/omeka-s/modules,,https://github.com/omeka-s-modules/MetadataBrowse/releases/download/v1.4.0/MetadataBrowse-1.4.0.zip,
"Metadata Editor",https://github.com/lauraleif/MetadataEditor,,2019-05-13T16:19:04Z,2019-05-23T19:32:29Z,1.0.0,,^1.0.0,"Laura Eiford",,GPLv3,"Find and replace for item metadata.","metadata, bulk edit, bulk update",,,,,
"Meta Tags",https://gitlab.com/Daniel-KM/Omeka-S-module-MetaTags,,,,3.3.0.3.3,,^3.0.0,"Daniel Berthereau",https://gitlab.com/Daniel-KM,CECILL-2.1,"Adds Open Graph and Twitter cards tags inside the header of all pages and resources to display them automatically in social networks.","social network, metadata, tags",https://gitlab.com/Daniel-KM/Omeka-S-module-MetaTags,https://gitlab.com/Daniel-KM/Omeka-S-module-MetaTags/-/issues,,,
Mirador,https://github.com/SlaveryImages/Mirador,,2018-10-31T14:59:36Z,2020-06-08T20:42:10Z,1.0.0,,^2.1.2,"Brumfield Labs, LLC",https://brumfieldlabs.com/,Apache,,,https://github.com/SlaveryImages/Mirador,https://github.com/SlaveryImages/Mirador/issues,,,
"Mirador Viewer",https://github.com/Daniel-KM/Omeka-S-module-Mirador,,2019-01-15T21:51:47Z,2021-01-05T10:55:26Z,3.3.7.7,,^3.0.0,"Daniel Berthereau",https://gitlab.com/Daniel-KM,"CeCILL v2.1","Integrates Mirador, an advanced viewer, in order to display one or multiple images, local or remote, via the IIIF standard.","viewer, book, digital library, image comparison",https://gitlab.com/Daniel-KM/Omeka-S-module-Mirador,https://gitlab.com/Daniel-KM/Omeka-S-module-Mirador/-/issues,,https://github.com/Daniel-KM/Omeka-S-module-Mirador/releases/download/3.3.7.7/Mirador-3.3.7.7.zip,
"Mroonga search",https://github.com/fukuchi/Omeka-S-module-mroonga-search,,2020-02-07T04:14:28Z,2020-06-08T17:39:30Z,0.3.0,,2.x,"Kentaro Fukuchi",https://fukuchi.org/,"MIT License","Enabling Mroonga engine for CJK-ready full-text search. Mroonga plugin for MySQL or MariaDB must be installed and configured.<br/><strong>WARNING:</strong> Backup the database before installing this module.",validation,https://github.com/fukuchi/Omeka-S-module-mroonga-search,https://github.com/fukuchi/Omeka-S-module-mroonga-search/issues,,,
My,https://github.com/AlyxTaj/dictionnaire-module-omeka,,2018-05-01T14:19:35Z,2018-05-01T14:24:58Z,1.0,,^1.0.0,"My Organization",http://sortiaria.alwaysdata.net/omeka-s/s/sortiaria/page/accueil,,"Module dictionnaire pour Omeka-S",,https://github.com/AlyxTaj/module-dictionnaire-omeka.git,,,,
"N-gram search",https://github.com/fukuchi/Omeka-S-module-ngram-search,,2020-02-03T12:50:32Z,2020-10-06T08:18:39Z,0.1.0,,2.x,"Kentaro Fukuchi",https://github.com/fukuchi,"MIT License","Enabling MySQL's N-gram tokenizer for CJK full-text search. This module is only suitable for MySQL 5.7 or later. If you use MariaDB, please try 'Mroonga search' instead.<br/><strong>WARNING:</strong> Backup the database before installing this module.",validation,https://github.com/fukuchi/Omeka-S-module-ngram-search,https://github.com/fukuchi/Omeka-S-module-ngram-search/issues,,,
Neatline,https://github.com/performant-software/neatline-omeka-s,https://github.com/scholarslab/neatline-omeka-s,2018-12-10T19:52:54Z,2020-08-28T14:49:11Z,0.3.0,,>=2.0,"Scholars Lab",http://scholarslab.org/,"Apache License, Version 2.0","Plot your course in space and time.",,https://github.com/scholarslab/neatline-omeka-s,https://forum.omeka.org/c/omeka-s/modules,,,
"Network Map",https://github.com/coreytegeler/omeka-s-module-NetworkMap,,2018-04-02T15:13:14Z,2020-09-04T01:17:58Z,1.0,,,"Corey Tegeler",http://coreytegeler.com,,,,http://coreytegeler.com,,,,
Next,https://github.com/Daniel-KM/Omeka-S-module-Next,,2018-12-04T00:14:00Z,2021-01-04T23:29:47Z,3.3.36.0,,^3.0.0,"Daniel Berthereau",https://gitlab.com/Daniel-KM,CeCILL-2.1,"Bring together various features too small to be a full module; may be integrated in the next release of Omeka S, or not.","feature, extension, plugin, helper, block, admin",https://gitlab.com/Daniel-KM/Omeka-S-module-Next,https://gitlab.com/Daniel-KM/Omeka-S-module-Next/-/issues,,https://github.com/Daniel-KM/Omeka-S-module-Next/releases/download/3.3.36.0/Next-3.3.36.0.zip,
"OAI-PMH Harvester",https://github.com/Daniel-KM/Omeka-S-module-OaiPmhHarvester,https://github.com/Numerizen/OaiPmhHarvester,2018-01-22T06:52:28Z,2021-01-04T23:15:57Z,3.0.7,"Daniel Berthereau (based on the port of Vincent Buard for PSL)","^1.2.0 || ^2.0.0","Daniel Berthereau (based on the port of Vincent Buard for PSL)",https://github.com/Daniel-KM,GPL-3.0,"Fetch records from remote OAI-PMH repositories","admin, import",https://github.com/Daniel-KM/Omeka-S-module-OaiPmhHarvester,https://github.com/Daniel-KM/Omeka-S-module-OaiPmhHarvester/issues,https://github.com/Daniel-KM/Omeka-S-module-OaiPmhHarvester/releases/download/3.0.5/OaiPmhHarvester-3.0.5.zip,https://github.com/Daniel-KM/Omeka-S-module-OaiPmhHarvester/releases/download/3.0.5/OaiPmhHarvester-3.0.5.zip,
"OAI-PMH Repository",https://github.com/biblibre/omeka-s-module-OaiPmhRepository,,2016-12-15T16:20:39Z,2019-12-30T09:36:20Z,0.2.2,,,BibLibre,https://github.com/biblibre,,"Exposes Omeka items as an OAI-PMH repository.",,https://github.com/biblibre/omeka-s-module-OaiPmhRepository,,,,
"OAI-PMH Repository",https://github.com/Daniel-KM/Omeka-S-module-OaiPmhRepository,,2018-01-08T09:08:57Z,2021-01-04T23:15:55Z,3.3.5.3,,^3.0.0,"Daniel Berthereau (based on port from Omeka Classic plugin of John Flatness by BibLibre)",https://gitlab.com/Daniel-KM,GPL-3.0,"Exposes Omeka items as an OAI-PMH repository.","share, open data, library protocol, dublin core, mets, mods, cdwalite",https://gitlab.com/Daniel-KM/omeka-s-module-OaiPmhRepository,https://gitlab.com/Daniel-KM/omeka-s-module-OaiPmhRepository/-/issues,,https://github.com/Daniel-KM/Omeka-S-module-OaiPmhRepository/releases/download/3.3.5.3/OaiPmhRepository-3.3.5.3.zip,
"OAI Pmh Harvester",https://github.com/Numerizen/OaiPmhHarvester,,2017-12-26T15:39:36Z,2021-01-05T08:34:37Z,0.1,,^1.0.0,"Vincent Buard for PSL",http://omeka.numerizen.com,,"Harvest OaiPmh repositories.",,,,,,
"Omeka 2 Importer",https://github.com/omeka-s-modules/Omeka2Importer,,2015-07-14T16:42:23Z,2020-12-10T20:11:00Z,1.2.0,,^2.0.0,"Omeka Team",https://omeka.org/,,"Import content from an Omeka 2 site via its API.",,https://omeka.org/s/docs/user-manual/modules/omeka2importer/,https://forum.omeka.org/c/omeka-s/modules,,https://github.com/omeka-s-modules/Omeka2Importer/releases/download/v1.4.0/Omeka2Importer-1.4.0.zip,
"Omeka Starter Kit",https://github.com/stephenwf/omeka-module-starter-kit,,2017-03-31T12:27:08Z,2018-08-13T21:15:48Z,1.0,,^1.0.0,"Stephen Fraser",https://github.com/stephenwf,,"Developer friendly example of Omeka module",,https://github.com/stephenwf/omeka-module-starter-kit,,,https://github.com/stephenwf/omeka-module-starter-kit/releases/download/v1.0/OmekaModuleStarterKit.zip,
"Omeka Twig",https://github.com/digihum/omeka-s-twig,,2017-01-06T10:13:46Z,2020-02-09T16:35:29Z,0.2.0,,^1.0.0-beta,"Tim Hollies",http://warwick.ac.uk/digitalhumanities,,"Use twig templates in Omeka-S themes",,,,,,
"ORCID Connector",https://github.com/omeka-s-modules/OrcidConnector,,2018-05-02T20:28:12Z,2019-07-31T15:13:02Z,1.0.0,,^1.1.0,"Roy Rosenzweig Center for History and New Media",,,"Connect users and their content to ORCID data",,,,,,
"PDF Embed",https://github.com/zerocrates/PdfEmbedS,,2017-07-20T00:05:02Z,2020-10-08T14:30:38Z,1.2.0,,"^1.0.0 || ^2.0.0 || ^3.0.0","John Flatness",https://github.com/zerocrates,,"Embed PDF files within Omeka S pages",,https://github.com/zerocrates/PdfEmbedS,https://github.com/zerocrates/PdfEmbedS/issues,,https://github.com/zerocrates/PdfEmbedS/releases/download/v1.2.0/PdfEmbed-1.2.0.zip,
PdfText,https://github.com/Numerizen/PdfText,,2017-12-26T15:38:06Z,2020-11-19T12:01:17Z,1.0,,,"Vincent BUARD",http://omeka.numerizen.com,,"Extract data from PDF files for indexation",,http://github.com/pdftext,,,,
PdfToc,https://github.com/bubdxm/Omeka-S-module-PdfToc,,2018-05-29T12:16:21Z,2019-01-11T14:47:34Z,1.0,,,"bubdxm, bases PDF TOC plugin omeka",https://github.com/symac,,"Extracts table of contents from PDF files",,http://github.com/bubdxm/Omeka-S-module-PdfToc,,,,
"Pdf Viewer",https://github.com/Daniel-KM/Omeka-S-module-PdfViewer,,2018-11-20T13:05:59Z,2020-12-11T00:20:27Z,3.3.4.1,,^3.0.0,"Daniel Berthereau",https://gitlab.com/Daniel-KM,"CeCILL v2.1","Display pdf directly in public pages via the browser viewer or a customizable internal viewer.","viewer, display, pdf, document viewer",https://gitlab.com/Daniel-KM/Omeka-S-module-PdfViewer,https://gitlab.com/Daniel-KM/Omeka-S-module-PdfViewer/-/issues,,https://github.com/Daniel-KM/Omeka-S-module-PdfViewer/releases/download/3.3.4.1/PdfViewer-3.3.4.1.zip,
Psl,https://github.com/biblibre/omeka-s-module-Psl,,2016-12-20T13:07:23Z,2018-11-06T09:49:26Z,0.1.0,,,BibLibre,https://github.com/biblibre,,"Various things specific to PSL",,https://github.com/biblibre/omeka-s-module-Psl,,,,
PslSearchForm,https://github.com/biblibre/omeka-s-module-PslSearchForm,,2016-06-15T14:33:57Z,2020-07-30T12:35:31Z,0.2.0,,,BibLibre,,,"PSL search form",,https://github.com/biblibre/omeka-s-module-PslSearchForm,,,,
Rameau,https://gitlab.com/Daniel-KM/Omeka-S-module-Rameau,,,,3.3.0,,^3.0.0,"Daniel Berthereau pour Université des Antilles et Université de la Guyane",https://gitlab.com/Daniel-KM,CECILL-2.1,"Describe resources using auto-suggested values from the French controlled vocabulary Rameau, designed for subject-based indexing and use it with Solr.","indexation, controlled vocabulary, search, solr",https://gitlab.com/Daniel-KM/Omeka-S-module-Rameau,https://gitlab.com/Daniel-KM/Omeka-S-module-Rameau/-/issues,,,Log
"Random Items Block",https://github.com/biblibre/omeka-s-module-RandomItemsBlock,,2020-12-10T11:22:52Z,2020-12-11T16:57:40Z,0.1.0,,^2.0.0,BibLibre,https://www.biblibre.com/,,"A page block layout to display random items",,https://github.com/biblibre/omeka-s-module-RandomItemsBlock,,,,
"RDF Datatype (archived)",https://github.com/Daniel-KM/Omeka-S-module-RdfDatatype,,2018-09-03T08:54:00Z,2020-10-22T15:24:23Z,3.0.4.1,,"^1.1.0 || ^2.0.0","Daniel Berthereau",https://github.com/Daniel-KM,CECILL-2.1,"Implement the main W3C RDF datatypes (html, xml, boolean, integer, decimal and date/time) in order to simplify user input and to give more semanticity to values of resources.","semantic web, rdf, xsd, w3c recommendation, linked data",https://github.com/Daniel-KM/Omeka-S-module-RdfDatatype,https://github.com/Daniel-KM/Omeka-S-module-RdfDatatype/issues,,https://github.com/Daniel-KM/Omeka-S-module-RdfDatatype/releases/download/3.0.4.1/RdfDatatype-3.0.4.1.zip,
Reciprocal,https://github.com/Daniel-KM/Omeka-S-module-Reciprocal,,2020-07-27T14:17:24Z,2020-10-28T16:36:19Z,3.3.1,,^3.0.0,"Daniel Berthereau",https://gitlab.com/Daniel-KM,CECILL-2.1,"Automatically add the reciprocal value in the reciprocal property of a linked resource.","semantic, relations",https://gitlab.com/Daniel-KM/Omeka-S-module-Reciprocal,https://gitlab.com/Daniel-KM/Omeka-S-module-Reciprocal/-/issues,,https://github.com/Daniel-KM/Omeka-S-module-Reciprocal/releases/download/3.3.1/Reciprocal-3.3.1.zip,
"Redirect After Login",https://github.com/biblibre/omeka-s-module-RedirectAfterLogin,,2020-12-01T10:34:01Z,2020-12-01T11:28:29Z,0.1.0,,^2.0.0,BibLibre,https://www.biblibre.com/,,"Redirect users to a different URL after login",,https://github.com/biblibre/omeka-s-module-RedirectAfterLogin,,,https://github.com/biblibre/omeka-s-module-RedirectAfterLogin/releases/download/v0.1.0/RedirectAfterLogin-0.1.0.zip,
Reference,https://github.com/Daniel-KM/Omeka-S-module-Reference,,2018-02-21T18:31:39Z,2021-01-04T23:30:45Z,3.4.24.3,,^3.0.0,"Daniel Berthereau",https://gitlab.com/Daniel-KM,"CeCILL v2.1","Add glossary pages and blocks with the alphabetical indexes of specified classes and properties.","glossary, indexing, lexicon",https://gitlab.com/Daniel-KM/Omeka-S-module-Reference,https://gitlab.com/Daniel-KM/Omeka-S-module-Reference/-/issues,,https://github.com/Daniel-KM/Omeka-S-module-Reference/releases/download/3.4.25.3/Reference-3.4.25.3.zip,
RestrictedSites,https://github.com/ManOnDaMoon/omeka-s-module-RestrictedSites,,2018-03-28T14:52:49Z,2020-10-09T13:32:03Z,2.0,,^3.0.0,"Laurent Thomas",https://manondamoon.com,,"Restricts access of public sites to the user list defined in site settings. Displays a login landing page for anonymous users.",,https://github.com/ManOnDaMoon/omeka-s-module-RestrictedSites,,,https://github.com/ManOnDaMoon/omeka-s-module-RestrictedSites/releases/download/v2.0/RestrictedSites-2.0.zip,
"Rights Statements",https://github.com/zerocrates/RightsStatements,,2016-04-15T03:26:29Z,2020-10-08T14:31:03Z,1.1.0,,^3.0.0,"John Flatness",https://github.com/zerocrates,,,,https://github.com/zerocrates/RightsStatements,https://github.com/zerocrates/RightsStatements/issues,,https://github.com/zerocrates/RightsStatements/releases/download/v1.1.0/RightsStatements-1.1.0.zip,
RoleBasedNavigation,https://github.com/ManOnDaMoon/omeka-s-module-RoleBasedNavigation,,2020-05-10T09:47:50Z,2020-10-09T13:32:13Z,1.0,,^3.0.0,"Laurent Thomas",https://manondamoon.com,,"Add role based options to show or hide links in site navigation.",,https://github.com/ManOnDaMoon/omeka-s-module-RoleBasedNavigation,,,https://github.com/ManOnDaMoon/omeka-s-module-RoleBasedNavigation/releases/download/v1.0/RoleBasedNavigation-1.0.zip,
"S3 FileStore",https://github.com/zerocrates/S3FileStore,,2019-01-20T00:54:01Z,2020-10-07T22:22:46Z,1.0.0,,^3.0.0,"John Flatness",https://github.com/zerocrates,,"Store files in Amazon S3",,https://github.com/zerocrates/S3FileStore,https://github.com/zerocrates/S3FileStore/issues,,,
SACO,https://github.com/ManOnDaMoon/omeka-s-module-SACO,,2019-02-22T18:33:56Z,2020-11-22T16:25:24Z,0.2,,,"Laurent Thomas",manondamoon.com,,"SACO - Simple Analogue Camera Ontoloy - Vocabulary to describe analogue cameras, lenses and brands.",,manondamoon.com,,,,
Scraping,https://github.com/samszo/Omeka-S-module-Scaping,,2020-12-24T05:19:43Z,2021-01-03T16:59:06Z,0.0.2,,^3.0.0,"Samuel Szoniecky",http://samszo.univ-paris8.fr/,,"Scraping Web Pages.",,https://github.com/samszo/Omeka-S-module-Scraping,https://github.com/samszo/Omeka-S-module-Scraping,,,
Scripto,https://github.com/omeka-s-modules/Scripto,,2017-11-17T20:22:19Z,2021-01-12T16:52:10Z,1.3.0,,^3.0.0,"Omeka Team",https://omeka.org/,,"Transcribe and translate items.",,https://omeka.org/s/docs/user-manual/modules/scripto/,https://forum.omeka.org/c/omeka-s/modules,,https://github.com/omeka-s-modules/Scripto/releases/download/v1.3.0/Scripto-1.3.0.zip,
"Scripto Page Blocks",https://github.com/Limonadeandcoscop/ScriptoPageBlocks,,2020-10-07T14:15:46Z,2020-10-08T09:17:49Z,0.1,,^2.0.0,Limonade&Co,https://github.com/Limonadeandcoscop,CECILL-2.1,"Provide additionals Scripto's pages blocks","scripto, page, page-block",https://github.com/Limonadeandcoscop/ScriptoPageBlocks,https://github.com/Limonadeandcoscop/ScriptoPageBlocks/issues,,,Scripto
"Search adapter for Solr",https://github.com/Daniel-KM/Omeka-S-module-SearchSolr,https://github.com/Daniel-KM/Omeka-S-module-Solr,2020-04-27T20:04:51Z,2021-01-19T11:37:50Z,3.5.17.3,,^3.0.0,"Daniel Berthereau (based on a fork of the module Solr)",https://gitlab.com/Daniel-KM,CECILL-2.1,"Search Omeka resources instantly and deeply on any server with Apache Lucene / Solr","Solr, Lucene, search, facet, filter, indexation, autocompletion",https://gitlab.com/Daniel-KM/Omeka-S-module-SearchSolr,https://gitlab.com/Daniel-KM/Omeka-S-module-SearchSolr/-/issues,,https://github.com/Daniel-KM/Omeka-S-module-SearchSolr/releases/download/3.5.16.3/SearchSolr-3.5.16.3.zip,
"Search by Visibility",https://github.com/bfavaretto/SearchByVisibility,,2019-04-26T11:25:07Z,2019-06-08T02:51:30Z,1.0.0,,^1.4.0,"Bruno Favaretto",https://github.com/bfavaretto,"CeCILL v2.1","Add visibility options to the advanced search form.","search, admin, curation",https://github.com/bfavaretto/SearchByVisibility,https://github.com/bfavaretto/SearchByVisibility/issues,,,
"Search History",https://github.com/Daniel-KM/Omeka-S-module-SearchHistory,,2020-02-03T10:03:56Z,2020-07-17T21:47:38Z,3.0.2,,"^1.4.0 || ^2.0.0","Daniel Berthereau pour la Fondation Maison de Salins",https://github.com/Daniel-KM,"CeCILL v2.1","Allow user to save search and to callback it via the guest account.","user board, search history",https://github.com/Daniel-KM/Omeka-S-module-SearchHistory,https://github.com/Daniel-KM/Omeka-S-module-SearchHistory/issues,,https://github.com/Daniel-KM/Omeka-S-module-SearchHistory/releases/download/3.0.2/SearchHistory-3.0.2.zip,Guest
Search,https://github.com/biblibre/omeka-s-module-Search,,2016-04-29T12:07:18Z,2020-10-30T08:07:37Z,0.8.0,,^3.0.0,BibLibre,https://github.com/biblibre,,"Add search capabilities to Omeka S",,https://github.com/biblibre/omeka-s-module-Search,,,https://github.com/biblibre/omeka-s-module-Search/releases/download/v0.8.0/Search-0.8.0.zip,
Search,https://github.com/Daniel-KM/omeka-s-module-Search,https://github.com/biblibre/omeka-s-module-Search,2018-01-08T09:47:28Z,2021-01-19T11:40:02Z,3.5.17.3,,^3.0.0,"Daniel Berthereau (based on the module Search of BibLibre)",https://gitlab.com/Daniel-KM,CECILL-2.1,"Add improved search capabilities to Omeka S","search, advanced search, filter, facet",https://gitlab.com/Daniel-KM/Omeka-S-module-Search,https://gitlab.com/Daniel-KM/Omeka-S-module-Search/-/issues,,https://github.com/Daniel-KM/Omeka-S-module-Search/releases/download/3.5.16.3/Search-3.5.16.3.zip,
"Search Solr (archived)",https://github.com/Daniel-KM/Omeka-S-module-Solr,https://github.com/biblibre/omeka-s-module-Solr,2018-01-08T09:54:45Z,2020-06-03T05:58:55Z,3.5.13,,"^1.2.0 || ^2.0.0","Daniel Berthereau (forked from module Solr of BibLibre)",https://github.com/biblibre,CECILL-2.1,"Search Omeka resources instantly and deeply with Lucene / Solr","Solr, Lucene, search, facet, filter, indexation, autocompletion",https://github.com/biblibre/omeka-s-module-Solr,https://github.com/biblibre/omeka-s-module-Solr/issues,,https://github.com/Daniel-KM/Omeka-S-module-Solr/releases/download/3.5.13/Solr-3.5.13.zip,Search
Selection,https://github.com/Daniel-KM/Omeka-s-module-Selection,https://github.com/Daniel-KM/Omeka-S-module-Basket,2020-05-27T07:01:34Z,2021-01-04T23:15:57Z,3.3.4.2,,^3.0.0,"Daniel Berthereau",https://gitlab.com/Daniel-KM,"CeCILL v2.1","Allow any visitor to store selected resources or search queries through sessions and to export them to common formats.","personal library, user board, favorites, search history",https://gitlab.com/Daniel-KM/Omeka-S-module-Selection,https://gitlab.com/Daniel-KM/Omeka-S-module-Selection/-/issues,,https://github.com/Daniel-KM/Omeka-s-module-Selection/releases/download/3.3.4.2/Selection-3.3.4.2.zip,
Sharing,https://github.com/omeka-s-modules/Sharing,,2015-12-15T16:44:26Z,2020-10-08T14:32:23Z,1.2.0,,^3.0.0,"Omeka Team",https://omeka.org/,,"Share and embed content on the web",,https://omeka.org/s/docs/user-manual/modules/sharing/,https://forum.omeka.org/c/omeka-s/modules,,https://github.com/omeka-s-modules/Sharing/releases/download/v1.2.0/Sharing-1.2.0.zip,
"Simple Block",https://github.com/zerocrates/SimpleBlock,,2018-06-21T17:26:54Z,2018-06-21T21:17:34Z,0.1.0,,^1.1.0,"John Flatness",https://github.com/zerocrates,,,,https://github.com/zerocrates/SimpleBlock,https://github.com/zerocrates/SimpleBlock/issues,,,
"Simple Carousel",https://github.com/Neo-Inspiration/Omeka-S-SimpleCarousel,,2018-11-07T08:20:57Z,2020-12-22T10:01:19Z,1.2.3,,^1.1.0,ESnark,https://github.com/ESnark,MIT,"Display carousels into pages",,https://github.com/Neo-Inspiration/Omeka-S-SimpleCarousel,https://github.com/Neo-Inspiration/Omeka-S-SimpleCarousel/issues,,https://github.com/Neo-Inspiration/Omeka-S-SimpleCarousel/releases/download/v1.2.3/SimpleCarousel.zip,
"Simpler Carousel",https://github.com/marinquantum/Omeka-S-SimpleCarousel,,2020-11-20T12:19:38Z,2021-01-14T12:17:33Z,1.2.3,,^3.0.0,"Artefacto, based on an early module by ESnark",https://github.com/artefacto,MIT,"Display carousels into pages with lots of options",,,,,,
SiteLog,https://github.com/billxu0521/Omeka-S-module-SiteLog,,2020-12-14T03:07:59Z,2021-01-07T08:52:01Z,0.1.0,,^3.0.0,Billxu,http://dlll-info.dlll.nccu.edu.tw/,,"Monitor activity records of visitors in the sites, and report in admin board.","monitor, log, logging, site, admin",,,,,
SiteSlugAsSubdomain,https://github.com/kyfr59/omeka-s-module-SiteSlugAsSubdomain,,2019-10-22T10:11:24Z,2019-11-12T09:04:46Z,1.0.0,,>=1.2.0,"Franck Dupont",https://github.com/kyfr59,"CeCILL v2.1","Provide the ability to map the sites slugs as subdomains","domains, urls, sites",https://github.com/kyfr59/omeka-s-module-SiteSlugAsSubdomain,https://github.com/kyfr59/omeka-s-module-SiteSlugAsSubdomain/issues,,https://github.com/kyfr59/omeka-s-module-SiteSlugAsSubdomain/releases/download/1.0.0/SiteSlugAsSubdomain.zip,
SiteSwitcher,https://github.com/ManOnDaMoon/omeka-s-module-SiteSwitcher,,2020-11-13T08:20:57Z,2020-11-13T08:38:58Z,0.1,,,"Laurent Thomas",manondamoon.com,,"Very simple navigation link to switch between sites",,manondamoon.com,,,,
Solr,https://github.com/biblibre/omeka-s-module-Solr,,2016-04-29T12:11:55Z,2020-10-19T09:20:40Z,0.8.0,,^3.0.0,BibLibre,https://github.com/biblibre,,"Add Solr search adapter",,https://github.com/biblibre/omeka-s-module-Solr,,,https://github.com/biblibre/omeka-s-module-Solr/releases/download/v0.8.0/Solr-0.8.0.zip,Search
SolrImprovements,https://github.com/pols12/omeka-s-module-SolrImprovements,,2018-08-08T18:28:52Z,2018-08-27T16:25:32Z,1.0.1-bib0.4.2,,,Pols12,https://github.com/pols12/,,"Ajoute la possibilité d’indexer une propriété spécifique d’une ressource liée. (En attendant l’intégration de la Pull Request.)",,https://github.com/biblibre/omeka-s-module-Solr/pull/13,,,,"Search, Solr"
STest,https://github.com/patrickmj/STest,,2016-10-11T17:47:05Z,2016-10-18T21:26:43Z,1.0.0,,,"Patrick Murray-John",,,"Test a bunch of random stuff",,,,,,
Storymap,https://github.com/agile-humanities/agile-storymap,,2018-04-11T15:35:35Z,2020-04-03T14:16:04Z,3.4.4,,^1.0.0,"Alan Stanley",https://github.com/Daniel-KM,"CeCILL v2.1","Integrate the Knightlab Storymap to create advanced storymaps from the geocordinates of items.","storymap, chronology",https://github.com/agile-humanities/agile-storymap,https://github.com/agile-humanities/agile-storymap/issues,,,
Thesaurus,https://github.com/Daniel-KM/Omeka-S-module-Thesaurus,,2019-12-30T16:07:33Z,2021-01-14T08:04:56Z,3.3.6.1,,^3.0.0,"Daniel Berthereau for Institut national d’histoire de l’art (INHA)",https://gitlab.com/Daniel-KM,"CeCILL v2.1","Helpers to manage a standard thesaurus (ontology skos) to describe documents.","thesaurus, taxonomy, glossary, hierarchic list",https://gitlab.com/Daniel-KM/Omeka-S-module-Thesaurus,https://gitlab.com/Daniel-KM/Omeka-S-module-Thesaurus/-/issues,,https://github.com/Daniel-KM/Omeka-S-module-Thesaurus/releases/download/3.3.6.1/Thesaurus-3.3.6.1.zip,
Timeline,https://github.com/Daniel-KM/Omeka-S-module-Timeline,,2017-04-19T05:47:33Z,2021-01-04T23:15:56Z,3.4.14.3,,^3.0.0,"Daniel Berthereau",https://gitlab.com/Daniel-KM,"CeCILL v2.1","Integrate the Simile Timeline and the Knightlab Timeline to create advanced timelines from the dates of items.","timeline, chronology, data visualization",https://gitlab.com/Daniel-KM/Omeka-S-module-Timeline,https://gitlab.com/Daniel-KM/Omeka-S-module-Timeline/-/issues,,https://github.com/Daniel-KM/Omeka-S-module-Timeline/releases/download/3.4.14.3/Timeline-3.4.14.3.zip,
Translations,https://github.com/Daniel-KM/Omeka-S-module-Translations,,2019-06-06T09:00:50Z,2020-02-09T16:34:01Z,3.0.1,,"^1.0.0 || ^2.0.0","Daniel Berthereau",https://github.com/Daniel-KM,CECILL-2.1,"Allows to add specific translations of strings, in particular the hard-coded texts in the theme.","theme, translate, translation",https://github.com/Daniel-KM/Omeka-S-module-Translations,https://github.com/Daniel-KM/Omeka-S-module-Translations/issues,,https://github.com/Daniel-KM/Omeka-S-module-Translations/releases/download/3.0.1/Translations-3.0.1.zip,
unAPI,https://github.com/omeka-s-modules/UnApi,,2015-02-24T23:19:35Z,2020-10-26T17:16:20Z,1.2.0,,^3.0.0,"Omeka Team",https://omeka.org/,,"Make your item metadata discoverable using unAPI.",,,https://forum.omeka.org/c/omeka-s/modules,,https://github.com/omeka-s-modules/UnApi/releases/download/v1.2.0/UnApi-1.2.0.zip,
"Universal Viewer",https://github.com/Daniel-KM/Omeka-S-module-UniversalViewer,,2017-02-23T20:39:20Z,2020-11-24T17:07:58Z,3.6.3.2,,^3.0.0,"Daniel Berthereau (improvements based on BibLibre port)",https://gitlab.com/Daniel-KM,"CeCILL v2.1","Integrates the Universal Viewer in order to create carousels of virtual books from image files and to display any media file (pdf, audio, video, 3D…) in a unified player.","viewer, book, digital library",https://gitlab.com/Daniel-KM/Omeka-S-module-UniversalViewer,https://gitlab.com/Daniel-KM/Omeka-S-module-UniversalViewer/-/issues,,https://github.com/Daniel-KM/Omeka-S-module-UniversalViewer/releases/download/3.6.3.2/UniversalViewer-3.6.3.2.zip,
"Upgrade from Omeka Classic",https://github.com/Daniel-KM/Omeka-S-module-UpgradeFromOmekaClassic,,2017-02-14T15:56:31Z,2020-02-09T16:33:34Z,3.1.3,,^1.3.0,"Daniel Berthereau",https://github.com/Daniel-KM,"CeCILL v2.1","Add a compatibility layer to use Omeka Classic themes that were upgraded via the plugin Upgrade to Omeka Semantic.","omeka theme, compatibility layer",https://github.com/Daniel-KM/Omeka-S-module-UpgradeFromOmekaClassic,https://github.com/Daniel-KM/Omeka-S-module-UpgradeFromOmekaClassic/issues,,,
"URI Dereferencer",https://github.com/omeka-s-modules/UriDereferencer,,2019-06-28T17:51:18Z,2020-10-08T14:33:12Z,1.1.0,,^3.0.0,"Omeka Team",https://omeka.org/,,"Dereferences URIs when viewing items, media, and item sets.",,,https://forum.omeka.org/c/omeka-s/modules,,https://github.com/omeka-s-modules/UriDereferencer/releases/download/v1.1.0/UriDereferencer-1.1.0.zip,
UserNames,https://github.com/ManOnDaMoon/omeka-s-module-UserNames,,2020-04-21T10:24:48Z,2020-10-09T13:32:07Z,1.0,,^3.0.0,"Laurent Thomas",https://manondamoon.com,,"Adds username capabilities to Omeka S",,https://github.com/ManOnDaMoon/omeka-s-module-UserNames,,,https://github.com/ManOnDaMoon/omeka-s-module-UserNames/releases/download/v1.0/UserNames-1.0.zip,
"User Profile",https://github.com/Daniel-KM/Omeka-S-module-UserProfile,,2020-06-16T21:07:37Z,2020-11-23T21:18:57Z,3.3.4.1,,^3.0.0,"Daniel Berthereau",https://gitlab.com/Daniel-KM,"CeCILL v2.1","Add new settings to the user records in admin and public guest board.","administration, miscellaneous, guest user",https://gitlab.com/Daniel-KM/Omeka-S-module-UserProfile,https://gitlab.com/Daniel-KM/Omeka-S-module-UserProfile/-/issues,,https://github.com/Daniel-KM/Omeka-S-module-UserProfile/releases/download/3.3.4.1/UserProfile-3.3.4.1.zip,
"Value Suggest: Any",https://gitlab.com/Daniel-KM/Omeka-S-module/ValueSuggestAny,,,,,,,,,,,,,,,,
"Value Suggest",https://github.com/omeka-s-modules/ValueSuggest,,2016-08-01T19:01:05Z,2020-11-07T04:07:12Z,1.6.0,,^3.0.0,"Omeka Team",https://omeka.org/,,"Describe your resources using auto-suggested values from controlled vocabulary services.",,https://omeka.org/s/docs/user-manual/modules/valuesuggest/,https://forum.omeka.org/c/omeka-s/modules,,https://github.com/omeka-s-modules/ValueSuggest/releases/download/v1.6.0/ValueSuggest-1.6.0.zip,
"Verovio MEI Viewer",https://github.com/Daniel-KM/Omeka-S-module-Verovio,,2019-10-21T10:53:56Z,2020-06-02T13:00:42Z,3.0.6,,"^1.2.0 || ^2.0.0","Daniel Berthereau",https://github.com/Daniel-KM,"CeCILL v2.1","Integrates Verovio, an XML-MEI and MusicXML viewer for musical scores.","viewer, musical score, MEI, MIDI",https://github.com/Daniel-KM/Omeka-S-module-Verovio,https://github.com/Daniel-KM/Omeka-S-module-Verovio/issues,,https://github.com/Daniel-KM/Omeka-S-module-Verovio/releases/download/3.0.6/Verovio-3.0.6.zip,
ViewerJS,https://github.com/Daniel-KM/Omeka-S-module-ViewerJs,,2018-11-20T12:48:57Z,2020-12-11T00:20:43Z,3.3.0,,^3.0.0,"Daniel Berthereau",https://gitlab.com/Daniel-KM,"CeCILL v2.1","Display standard document formats (pdf and office: pdf, odt, ods, odp) in a light unified player.","viewer, display, document viewer, open document, pdf, odt, ods, odp",https://gitlab.com/Daniel-KM/Omeka-S-module-ViewerJs,https://gitlab.com/Daniel-KM/Omeka-S-module-ViewerJs/-/issues,,https://github.com/Daniel-KM/Omeka-S-module-ViewerJs/releases/download/3.3.0/ViewerJs-3.3.0.zip,
"Web Monetization",https://github.com/chnm/WebMonetization-module,,2020-10-29T04:35:42Z,2021-01-20T03:00:56Z,0.1.0,,"^2.0.0 || ^3.0.0","Roy Rosenzweig Center for History & New Media",http://rrchnm.org/,,"Enable streaming micropayments on your sites",,,,,,
Wikidata,https://github.com/nishad/omeka-s-wikidata,,2020-08-30T11:09:18Z,2021-01-16T22:10:40Z,1.2.0,,"^1.0.0 || ^2.0.0","Nishad Thalhath",https://github.com/nishad/,,"Describe resources using values and URIs from Wikidata.",,https://github.com/nishad/omeka-s-wikidata,https://github.com/nishad/omeka-s-wikidata/issues,,https://github.com/nishad/omeka-s-wikidata/releases/download/v1.2.0/Wikidata.zip,
"Zotero Import",https://github.com/omeka-s-modules/ZoteroImport,,2015-02-05T21:58:10Z,2020-10-08T14:34:22Z,1.2.0,,^3.0.0,"Omeka Team",https://omeka.org/,,"Import items and files from Zotero user and group libraries.",,https://omeka.org/s/docs/user-manual/modules/zoteroimport/,https://forum.omeka.org/c/omeka-s/modules,,https://github.com/omeka-s-modules/ZoteroImport/releases/download/v1.2.0/ZoteroImport-1.2.0.zip,
